Title,Text,TextSource,Mode,Melody,MelodySources_OCO,MelodySource_Verona,gabc,GB_ID,Occasion,Office
A solis ortu,A solis ortu usque ad occasum * Laudabile nomen Domini. ℣ Super cælos gloria eius.,"Ps 112,3.4",6,f f f g f f fg g gf g gh g f g h gfd fg g f f,cf. CAO 6005; ARII 465,"Antiphonae & Responsoria/Tomus III, p. 127","(c4)A(f) so(f)lis(f) or(g)tu(f) us(f)que(fg) ad(g) oc(gf)cá(g)sum,(gh) <v>\greheightstar</v>(;) Lau(g)dá(f)bi(g)le(h) no(gvFD)men(fg) Dó(g)mi(f)ni.(f)  <sp>V/</sp>(::) Su(h)per(h) cæ(ixhi)los(g) (,) gló(g)ri(g)a(gf) e(g)ius.(gh)  <sp>V/</sp>(::) Gló(h)ri(h)a(h) Pa(ixhi)tri(h) et(g) Fí(gh)li(g)o(g) (,) et(g) Spi(g)rí(h)tu(g)i(gf) San(g)cto.(gh) (::)",0,2.4H1,1V
Adimplebis me,Adimplebis me lætitia * Cum vultu tuo Domine. ℣ Delectationes in dextera tua usque in finem.,"Ps 15,10",6,f f g f f f g gh h g f gh gf g g f f,PM 322,"Antiphonae & Responsoria/Tomus III, p. 129","(c4)Ad(f)im(f)plé(g)bis(f) me(f) læ(f)tí(g)ti(gh)a(h) <v>\greheightstar</v>(;) Cum(g) vul(f)tu(gh) tu(gf)o,(g) Dó(g)mi(f)ne.(f)  <sp>V/</sp>(::) De(f)le(f)cta(f)ti(f)ó(f)nes(f) in(f) déx(f)te(f)ra(f) tu(g)a(f) (,) us(f)que(f) in(f) fi(gh)nem.(h)  <sp>V/</sp>(::) Gló(f)ri(f)a(f) Pa(gh)tri(h) et(h) Fí(ixhi)li(h)o(h) (,) et(h) Spi(h)rí(h)tu(g)i(h) San(gf~)cto.(f::)",0,2.4H3,V
Adiuvabit eam,Adiuvabit eam * Deus vultu suo. ℣ Deus in medio eius non commovebitur.,"Ps 45,6",6,f f g f gh hg f gh gf g g f,CAO 6042; AM 676,"Antiphonae & Responsoria/Tomus IV, p. 259","(c4)Ad(f)iu(f)vá(g)bit(f) e(gh)am(hg) <v>\greheightstar</v>(;) De(f)us(gh) vul(gf)tu(g) su(g)o.(f)  <sp>V/</sp>(::) De(ixhi)us(h) in(h) mé(h)di(h)o(g) e(gh)ius,(g) (,) non(g) com(g)mo(f)vé(g)bi(gh)tur.(hg)  <sp>V/</sp>(::) Gló(h)ri(h)a(h) Pa(ixhi)tri(h) et(g) Fí(gh)li(g)o(g) (,) et(g) Spi(g)rí(h)tu(g)i(gf) San(g)cto.(gh) (::)",0,Mul,L
Adiuvabit eam,Adiuvabit eam * Deus vultu suo. ℣ Deus in medio eius non commovebitur.,"Ps 45,6",6,f f g f gh hg f gh gf g g f,CAO 6042; AM 676,"Antiphonae & Responsoria/Tomus IV, p. 259","(c4)Ad(f)iu(f)vá(g)bit(f) e(gh)am(hg) <v>\greheightstar</v>(;) De(f)us(gh) vul(gf)tu(g) su(g)o.(f)  <sp>V/</sp>(::) De(ixhi)us(h) in(h) mé(h)di(h)o(g) e(gh)ius,(g) (,) non(g) com(g)mo(f)vé(g)bi(gh)tur.(hg)  <sp>V/</sp>(::) Gló(h)ri(h)a(h) Pa(ixhi)tri(h) et(g) Fí(gh)li(g)o(g) (,) et(g) Spi(g)rí(h)tu(g)i(gf) San(g)cto.(gh) (::)",0,21/1,L
Adiuvabit eam... all.,Adiuvabit eam Deus vultu suo * Alleluia alleluia. ℣ Deus in medio eius non commovebitur.,,6,f f f f g f f f f e g h h hg g f d fg g f,,"Antiphonale Prataliense/Tomus II, p. 545","(c4)Ad(f)iu(f)vá(f)bit(f) e(g)am(f) (,) De(f)us(f) vul(f)tu(e) su(g)o,(h) <v>\greheightstar</v>(;) Al(h)le(hg)lú(g>)ia(f) al(d)le(fg)lú(g>)ia.(f)  <sp>V/</sp>(::) De(d)us(f) in(f) mé(f)di(f)o(f) e(g)ius,(f) (,) non(f) com(f)mo(e)vé(g)bi(g)tur.(h)  <sp>V/</sp>(::) Gló(f)ri(f)a(e) Pa(g)tri(h) et(h) Fí(ixhi)li(h)o(h) (,) et(h) Spi(h)rí(h)tu(g)i(h) San(gf~)cto.(f) (::)",0,Mul TP,L
Adorabunt eum,Adorabunt eum * Omnes reges terræ. ℣ Omnes gentes servient ei.,"Ps 71,11",6,f f g f gh hg f gh gf g g f,CAO 6044,"Antiphonae & Responsoria/Tomus I, p. 125","(c4)Ad(f)o(f)rá(g)bunt(f) e(gh)um(hg) <v>\greheightstar</v>(;) Om(f)nes(gh) re(gf)ges(g) ter(g)ræ.(f)  <sp>V/</sp>(::) Om(h)nes(h) gen(ixhi)tes(g) sér(h)vi(g)ent(f) e(gh)i.(hg)  <sp>V/</sp>(::) Gló(h)ri(h)a(h) Pa(ixhi)tri(h) et(g) Fí(gh)li(g)o(g) (,) et(g) Spi(g)rí(h)tu(g)i(gf) San(g)cto.(gh) (::)",0,Ep,L
Adoramus te 1,Adoramus te Christe * Et benedicimus tibi. ℣ Quia per crucem tuam redemisti mundum.,,4,g g g e fe de e e e f d c df fgfe e,CAO 6045; ARII 178-179,"Antiphonae & Responsoria/Tomus II, p. 104","(c4)A(g)do(g)rá(g)mus(e) te,(fe) Chri(de)ste,(e) <v>\greheightstar</v>(;) Et(e) be(e)ne(f)dí(d)ci(c)mus(df) ti(fgFE)bi.(e)  <sp>V/</sp>(::) Qui(ixehiv)a(h) per(g) cru(g)cem(g) tu(gh)am(g) (,) red(g)e(h)mí(gf)sti(de) mun(efwgFE~)dum.(e)  <sp>V/</sp>(::) Gló(ixehiv)ri(h)a(g) Pa(g)tri(g) et(g) Fí(gh)li(g)o(g) (,) et(g) Spi(g)rí(h)tu(gf)i(de) San(efwgFE~)cto.(e) (::)",0,6Q1-4,V
Adoramus te 2,Adoramus te Christe * Et benedicimus tibi. ℣ Quia per crucem tuam redemisti mundum.,,6,f f g f f gh h g f gh g f g g f,CAO 6045; ARII 178-179,Calithes.it,"(c4)Ad(f)o(f)rá(g)mus(f) te,(f) Chri(gh)ste,(h) <v>\greheightstar</v>(;) Et(g) be(f)ne(gh)dí(g)ci(f)mus(g) ti(g)bi.(f)  <sp>V/</sp>(::) Qui(ixhi)a(h) per(h) cru(h)cem(g) tu(gh)am(g) (,) re(g)de(g)mí(g)sti(f) mun(gh~)dum.(hg)  <sp>V/</sp>(::) Gló(h)ri(h)a(h) Pa(ixhi)tri(h) et(g) Fí(gh)li(g)o(g) (,) et(g) Spi(g)rí(h)tu(g)i(f) San(g)cto.(gh) (::)",0,14/9,L
Adorate Dominum,Adorate Dominum * In aula sancta eius. ℣ Afferte Domino gloriam et honorem.,"Ps 28,2",6,f f g f g gh h g f gh gf g g f,cf. CAO 6047; AR 272,Calithes.it,"(c4)Ad(f)o(f)rá(g)te(f) Dó(g)mi(gh)num(h) <v>\greheightstar</v>(;) In(g) au(f)la(gh) san(gf~)cta(g) e(g)ius.(f)  <sp>V/</sp>(::) Af(h)fér(h)te(h) Dó(ixhi)mi(g)no(g) (,) gló(h)ri(g)am(g) et(g) ho(f)nó(gh)rem.(hg)  <sp>V/</sp>(::) Gló(h)ri(h)a(h) Pa(ixhi)tri(h) et(g) Fí(gh)li(g)o(g) (,) et(g) Spi(g)rí(h)tu(g)i(f) San(g)cto.(gh) (::)",0,2/2,L
Afferentur regi,Afferentur Regi virgines * In exsultatione. ℣ Adducentur in templum Regis.,"Ps 44,15.16",6,f f f f g f g gh hg f g h gf g g f,,,"(c4)Af(f)fe(f)rén(f)tur(f) Re(g)gi(f) vír(g)gi(gh)nes(hg) <v>\greheightstar</v>(;) In(f) ex(g)sul(h)ta(gf)ti(g)ó(g)ne.(f)  <sp>V/</sp>(::) Ad(h)du(h)cén(ixhi)tur(g) in(g) tem(g)plum(f) Re(gh)gis.(hg)  <sp>V/</sp>(::) Gló(h)ri(h)a(h) Pa(ixhi)tri(h) et(g) Fí(gh)li(g)o(g) (,) et(g) Spi(g)rí(h)tu(g)i(gf) San(g)cto.(gh) (::)",0,Virg,2V
Afferentur regi... all.,Afferentur Regi virgines in exsultatione * Alleluia alleluia. ℣ Adducentur in templum Regis.,,6,f f f f f f g f f f f f f e g h h hg g f d fg g f,,,"(c4)Af(f)fe(f)rén(f)tur(f) Re(f)gi(f) vír(g)gi(f)nes(f) (,) in(f) ex(f)sul(f)ta(f)ti(e)ó(g)ne,(h) <v>\greheightstar</v>(;) Al(h)le(hg)lú(g>)ia(f) al(d)le(fg)lú(g>)ia.(f)  <sp>V/</sp>(::) Ad(f)du(f)cén(g)tur(f) in(f) tem(f)plum(e) Re(g)gis.(h)  <sp>V/</sp>(::) Gló(f)ri(f)a(e) Pa(g)tri(h) et(h) Fí(ixhi)li(h)o(h) (,) et(h) Spi(h)rí(h)tu(g)i(h) San(gf~)cto.(f) (::)",0,Virg TP,2V
Amavit eum,Amavit eum Dominus * Et ornavit eum. ℣ Stolam gloriæ induit eum.,"<sp>V/</sp>: Sir 45,9",6,f f f g f g gh hg f gh gf g g f,CAO 6080; AM 659,"Antiphonale Monasticum, p. 659","(c4)A(f)má(f)vit(f) e(g)um(f) Dó(g)mi(gh)nus,(hg) <v>\greheightstar</v>(;) Et(f) or(gh)ná(gf)vit(g) e(g)um.(f)  <sp>V/</sp>(::) Sto(h)lam(h) gló(ixhi)ri(g)æ(g) (,) ín(h)du(g)it(f) e(gh)um.(hg)  <sp>V/</sp>(::) Gló(h)ri(h)a(h) Pa(ixhi)tri(h) et(g) Fí(gh)li(g)o(g) (,) et(g) Spi(g)rí(h)tu(g)i(f) San(g)cto.(gh) (::)",0,Vir,1V
Amavit eum... all.,Amavit eum Dominus et ornavit eum * Alleluia alleluia. ℣ Stolam gloriæ induit eum.,,6,f f f f f g f f f f f e g h h hg g f d fg g f,AM 659,"Antiphonale Monasticum, p. 659","(c4)A(f)má(f)vit(f) e(f)um(f) Dó(g)mi(f)nus,(f) (,) et(f) or(f)ná(f)vit(e) e(g)um,(h) <v>\greheightstar</v>(;) Al(h)le(hg)lú(g>)ia(f) al(d)le(fg)lú(g>)ia.(f)  <sp>V/</sp>(::) Sto(f)lam(f) gló(g)ri(f)æ(f) (,) ín(f)du(f)it(e) e(g)um.(h)  <sp>V/</sp>(::) Gló(f)ri(f)a(e) Pa(g)tri(h) et(h) Fí(ixhi)li(h)o(h) (,) et(h) Spi(h)rí(h)tu(g)i(h) San(g>)cto.(f) (::)",0,Vir TP,1V
Amicus sponsi,Amicus sponsi gaudet * Propter vocem sponsi. ℣ Hoc gaudium meum impletum est.,"Io 3,29",6,f f f g f gh hg f gh gf g g f,,"Antiphonae & Responsoria/Tomus IV, p. 277","(c4)A(f)mí(f)cus(f) spon(g)si(f) gau(gh)det(hg) <v>\greheightstar</v>(;) Prop(f)ter(gh) vo(gf)cem(g) spon(g)si.(f)  <sp>V/</sp>(::) Hoc(h) gáu(ixhi)di(h)um(g) me(gh)um(g) im(f)plé(g)tum(gh) est.(hg)  <sp>V/</sp>(::) Gló(h)ri(h)a(h) Pa(ixhi)tri(h) et(g) Fí(gh)li(g)o(g) (,) et(g) Spi(g)rí(h)tu(g)i(gf) San(g)cto.(gh) (::)",0,29/8,V
Angelis suis,Angelis suis * Deus mandavit de te. ℣ Ut custodiant te in omnibus viis tuis.,"Ps 90,11",6,f f f gh h g f gh gf g g f,,"Antiphonae & Responsoria/Tomus IV, p. 281","(c4)An(f)ge(f)lis(f) su(gh)is(h) <v>\greheightstar</v>(;) De(g)us(f) man(gh)dá(gf)vit(g) de(g) te.(f)  <sp>V/</sp>(::) Ut(h) cu(h)stó(ixhi)di(h)ant(gh~) te(g) (,) in(g) óm(gh)ni(g)bus(g) vi(g)is(f) tu(gh)is.(hg)  <sp>V/</sp>(::) Gló(h)ri(h)a(h) Pa(ixhi)tri(h) et(g) Fí(gh)li(g)o(g) (,) et(g) Spi(g)rí(h)tu(g)i(gf) San(g)cto.(gh) (::)",0,2/10,V
Annuntiate,Annuntiate inter gentes * Gloriam Domini. ℣ In omnibus populis mirabilia eius.,"Ps 95,3",6,f f f g f f f gh hg fh gf g g f f,ARII 718,"Antiphonae & Responsoria/Tomus IV, p. 268","(c4)An(f)nun(f)ti(f)á(g)te(f) in(f)ter(f) gen(gh)tes(hg) <v>\greheightstar</v>(;) Gló(fh)ri(gf)am(g) Dó(g)mi(f)ni.(f)  <sp>V/</sp>(::) In(h) óm(ixhi)ni(h)bus(g) pó(gh)pu(g)lis(g) (,) mi(g)ra(g)bí(h)li(g)a(f) e(gh)ius.(hg)  <sp>V/</sp>(::) Gló(h)ri(h)a(h) Pa(ixhi)tri(h) et(g) Fí(gh)li(g)o(g) (,) et(g) Spi(g)rí(h)tu(g)i(gf) San(g)cto.(gh) (::)",0,Ap,2V
Annuntiate,Annuntiate inter gentes * Gloriam Domini. ℣ In omnibus populis mirabilia eius.,"Ps 95,3",6,f f f g f f f gh hg fh gf g g f f,ARII 718,"Antiphonae & Responsoria/Tomus IV, p. 268","(c4)An(f)nun(f)ti(f)á(g)te(f) in(f)ter(f) gen(gh)tes(hg) <v>\greheightstar</v>(;) Gló(fh)ri(gf)am(g) Dó(g)mi(f)ni.(f)  <sp>V/</sp>(::) In(h) óm(ixhi)ni(h)bus(g) pó(gh)pu(g)lis(g) (,) mi(g)ra(g)bí(h)li(g)a(f) e(gh)ius.(hg)  <sp>V/</sp>(::) Gló(h)ri(h)a(h) Pa(ixhi)tri(h) et(g) Fí(gh)li(g)o(g) (,) et(g) Spi(g)rí(h)tu(g)i(gf) San(g)cto.(gh) (::)",0,25/4 11/6 18/10,2V
Annuntiate... all.,Annuntiate inter gentes gloriam Domini * Alleluia alleluia. ℣ In omnibus populis mirabilia eius.,,6,f f f f f f f g f f f e g g h h hg g f d fg g f,,"Antiphonae & Responsoria/Tomus IV, p. 267","(c4)An(f)nun(f)ti(f)á(f)te(f) in(f)ter(f) gen(g)tes(f) (,) gló(f)ri(f)am(e) Dó(g)mi(g)ni,(h) <v>\greheightstar</v>(;) Al(h)le(hg)lú(g>)ia(f) al(d)le(fg)lú(g>)ia.(f)  <sp>V/</sp>(::) In(d) óm(f)ni(f)bus(f) pó(g)pu(f)lis(f) (,) mi(f)ra(f)bí(f)li(f)a(e) e(g)ius(h::) .<sp>V/</sp>() Gló(f)ri(f)a(e) Pa(g)tri(h) et(h) Fí(ixhi)li(h)o(h) (,) et(h) Spi(h)rí(h)tu(g)i(h) San(g>)cto.(f) (::)",0,Ap TP 11/6,2V
Ascendens Christus,Ascendens Christus in altum * Alleluia alleluia. ℣ Captivam duxit captivitatem.,"Eph 4,8",6,f f f g f e g h h hg g f d fg g f,CAO 6120; AM 506,"Antiphonae & Responsoria/Tomus II, p. 238","(c4)A(f)scén(f)dens(f) Chri(g)stus(f) in(e) al(g)tum,(h) <v>\greheightstar</v>(;) Al(h)le(hg)lú(g>)ia(f) al(d)le(fg)lú(g>)ia.(f)  <sp>V/</sp>(::) Cap(d)tí(f)vam(f) du(g)xit(f) cap(f)ti(f)vi(e)tá(g)tem.(h)  <sp>V/</sp>(::) Gló(f)ri(f)a(e) Pa(g)tri(h) et(h) Fí(ixhi)li(h)o(h) (,) et(h) Spi(h)rí(h)tu(g)i(h) San(g>)cto.(f) (::)",0,Asc,L
Ascendit Deus,Ascendit Deus in iubilatione * Alleluia alleluia. ℣ Et Dominus in voce tubæ.,"Ps 46,6",6,f f f g f f f f f e g h h hg g f d fg g f,CAO 6122; AM 510,"Antiphonae & Responsoria/Tomus II, p. 235","(c4)A(f)scén(f)dit(f) De(g)us(f) (,) in(f) iu(f)bi(f)la(f)ti(e)ó(g)ne,(h) <v>\greheightstar</v>(;) Al(h)le(hg)lú(g>)ia(f) al(d)le(fg)lú(g>)ia.(f)  <sp>V/</sp>(::) Et(f) Dó(g)mi(f)nus(f) in(f) vo(f)ce(e) tu(g)bæ.(h)  <sp>V/</sp>(::) Gló(f)ri(f)a(e) Pa(g)tri(h) et(h) Fí(ixhi)li(h)o(h) (,) et(h) Spi(h)rí(h)tu(g)i(h) San(g>)cto.(f) (::)",0,Asc,1V
Ascendit fumus,Ascendit fumus aromatum * In conspectu Domini. ℣ De manu angeli.,"cf. Ap 8,4",6,f f f g f f g gh hg f gh gf g g f f,CAO 6124; ARII 658,"Antiphonae & Responsoria/Tomus IV, p. 281","(c4)A(f)scén(f)dit(f) fu(g)mus(f) a(f)ró(g)ma(gh)tum(hg) <v>\greheightstar</v>(;) In(f) con(gh)spé(gf)ctu(g) Dó(g)mi(f)ni.(f)  <sp>V/</sp>(::) De(h) ma(ixhi)nu(gf) án(g)ge(gh)li.(hg)  <sp>V/</sp>(::) Gló(h)ri(h)a(h) Pa(ixhi)tri(h) et(g) Fí(gh)li(g)o(g) (,) et(g) Spi(g)rí(h)tu(g)i(gf) San(g)cto.(gh) (::)",0,29/9,V
Ascendo ad Patrem,Ascendo ad Patrem meum et Patrem vestrum * Alleluia alleluia. ℣ Deum meum et Deum vestrum.,"Io 20,17",6,f g f f f f gh f f fe dc fgd ifghih,CAO 6125; ARII 261,"Antiphonae & Responsoria/Tomus II, p. 242","(c4)A(f)scén(g)do(f) ad(f) Pa(f)trem(f) me(gh)um(f) (,) et(f) Pa(fe)trem(dc) ve(fgd)strum,(ixfgw!hih) <v>\greheightstar</v>(::) Al(ixi>)le(ivHG)lú(gh)ia(f) (,) al(dc~)le(ixfg!hwiHGF)lú(ghf~)ia.(f)  <sp>V/</sp>(::) De(f)um(f) me(g)um(f) et(f) De(fe)um(dc) ve(fgd)strum.(ixfgw!hih)  <sp>V/</sp>(::) Gló(f)ri(f)a(f) Pa(g)tri(f) (,) et(f) Fí(gh)li(f)o(f) (;) et(f) Spi(f)rí(g)tu(fe)i(dc) San(fgd)cto.(ixfgw!hih) (::)",0,Asc,2V
Assumpta est,Assumpta est Maria in cælum: * Gaudent angeli. ℣ Laudantes benedicunt Dominum.,,6,f gh f f f g fe dc fgd ifghih gh ifghihgf g ghf f,ARII 629,"Antiphonae & Responsoria/Tomus IV, p. 275","(c4)As(f)súm(gh)pta(f) est(f) (,) Ma(f)rí(g)a(fe) in(dc~) cæ(fgd)lum:(ixfgw!hih) <v>\greheightstar</v>(;) Gau(gh)dent(ixfg!hwiHGF) án(g)ge(ghf)li.(f)  <sp>V/</sp>(::) Lau(f)dán(gh~)tes(f) (,) be(g)ne(f)dí(fe)cunt(dc) Dó(f)mi(fgd)num.(ixfgw!hih)  <sp>V/</sp>(::) Gló(f)ri(f)a(f) Pa(gh)tri(f) (,) et(g) Fí(fe)li(dc)o(c) (;) et(dc~) Spi(f)rí(ixghwi)tu(ih)i(gh) San(gf~)cto.(f) (::)",0,15/8,1V
Attende Domine,Attende Domine et miserere * Quia peccavimus tibi. ℣ Exaudi Christe supplicantum preces.,"<sp>R/</sp>: Ier 18,19; 14,20",4,g g g gh g g g g e fe de e e f d c df fgfe e,ARII 125,"Antiphonae & Responsoria/Tomus II, p. 4","(c4)At(g)tén(g)de,(g) Dó(gh)mi(g)ne,(g) (`) et(g) mi(g)se(e)ré(fe)re,(de) <v>\greheightstar</v>(;) Qui(e)a(e) pec(f)cá(d)vi(c)mus(df) ti(fgFE)bi.(e)  <sp>V/</sp>(::) Ex(eh)áu(ixhi)di,(h) Chri(gh)ste,(g) (`) sup(g)pli(g)cán(gf)tum(de) pre(efwgFE)ces.(e)  <sp>V/</sp>(::) Gló(ixehiv)ri(h)a(g) Pa(g)tri(g) et(g) Fí(gh)li(g)o(g) (,) et(g) Spi(g)rí(h)tu(gf)i(de) San(efwgFE~)cto.(e) (::)",0,1-5Q1,V
Auditam fac,Auditam fac mihi mane * Misericordiam tuam. ℣ Notam fac mihi viam in qua ambulem.,"Ps 142,8",6,f f f f g f gh h g f gh g f g g f,cf. CAO 6148; PM 229,"Antiphonae & Responsoria/Tomus III, p. 125","(c4)Au(f)dí(f)tam(f) fac(f) mi(g)hi(f) ma(gh)ne(h) <v>\greheightstar</v>(;) Mi(g)se(f)ri(gh)cór(g)di(f)am(g) tu(g)am.(f)  <sp>V/</sp>(::) No(f)tam(f) fac(f) mi(f)hi(f) vi(g)am(f) (,) in(f) qua(f) ám(g)bu(gh)lem.(h)  <sp>V/</sp>(::) Gló(f)ri(f)a(f) Pa(gh)tri(h) et(h) Fí(ixhi)li(h)o(h) (,) et(h) Spi(h)rí(h)tu(g)i(h) San(gf~)cto.(f::)",0,1.3H6,L
Ave Maria,Ave Maria gratia plena; * Dominus tecum. <sp>V</sp> Benedicta tu in mulieribus et benedictus fructus ventris tui.,"Lc 1,28.42",6,f f f g f f f f gh hg fh gf g g f,CAO 6155; AM 703,"Antiphonale Monasticum, p. 703","(c4)A(f)ve,(f) Ma(f)rí(g)a,(f) (,) grá(f)ti(f)a(f) ple(gh)na;(hg) <v>\greheightstar</v>(;) Dó(fh)mi(gf)nus(g) te(g)cum.(f)  <sp>V/</sp>(::) Be(h)ne(h)dí(ixhi)cta(h) tu(h) in(h) mu(h)li(g)é(gh)ri(g)bus,(g) (,) et(g) be(g)ne(g)dí(g)ctus(g) fru(h)ctus(g) ven(g)tris(f) tu(gh)i.(hg)  <sp>V/</sp>(::) Gló(h)ri(h)a(h) Pa(ixhi)tri(h) et(g) Fí(gh)li(g)o(g) (,) et(g) Spi(g)rí(h)tu(g)i(gf) San(g)cto.(gh) (::)",0,BMV,2V
,Ave Maria gratia plena; * Dominus tecum. ℣ Benedicta tu in mulieribus et benedictus fructus ventris tui,"Lc 1,28.42",6,f f f g f f f f gh hg fh gf g g f,CAO 6155; AM 703,"Antiphonale Monasticum, p. 703","(c4)A(f)ve,(f) Ma(f)rí(g)a,(f) (,) grá(f)ti(f)a(f) ple(gh)na;(hg) <v>\greheightstar</v>(;) Dó(fh)mi(gf)nus(g) te(g)cum.(f)  <sp>V/</sp>(::) Be(h)ne(h)dí(ixhi)cta(h) tu(h) in(h) mu(h)li(g)é(gh)ri(g)bus,(g) (,) et(g) be(g)ne(g)dí(g)ctus(g) fru(h)ctus(g) ven(g)tris(f) tu(gh)i(hg)  <sp>V/</sp>(::) Gló(h)ri(h)a(h) Pa(ixhi)tri(h) et(g) Fí(gh)li(g)o(g) (,) et(g) Spi(g)rí(h)tu(g)i(gf) San(g)cto.(gh) (::)",0,25/3,L
Ave Maria... all.,Ave Maria gratia plena; Dominus tecum * Alleluia alleluia. ℣ Benedicta tu in mulieribus et benedictus fructus ventris tui.,,6,f f f f f f f f g f f f e g h h hg g f d fg g f,AM 704,"Antiphonale Monasticum, p. 704","(c4)A(f)ve,(f) Ma(f)rí(f)a,(f) grá(f)ti(f)a(f) ple(g)na;(f) (,) Dó(f)mi(f)nus(e) te(g)cum,(h) <v>\greheightstar</v>(;) Al(h)le(hg)lú(g>)ia(f) al(d)le(fg)lú(g>)ia.(f)  <sp>V/</sp>(::) Be(d)ne(f)dí(f)cta(f) tu(f) in(f) mu(f)li(f)é(g)ri(f)bus,(f) (,) et(f) be(f)ne(f)dí(f)ctus(f) fru(g)ctus(f) ven(f)tris(e) tu(g)i.(h)  <sp>V/</sp>(::) Gló(f)ri(f)a(e) Pa(g)tri(h) et(h) Fí(ixhi)li(h)o(h) (,) et(h) Spi(h)rí(h)tu(g)i(h) San(g>)cto.(f) (::)",0,BMV TP,2V
,Ave Maria gratia plena; Dominus tecum * Alleluia alleluia. ℣ Benedicta tu in mulieribus et benedictus fructus ventris tui.,,6,f f f f f f f f g f f f e g h h hg g f d fg g f,AM 704,"Antiphonale Monsticum, p. 704","(c4)A(f)ve,(f) Ma(f)rí(f)a,(f) grá(f)ti(f)a(f) ple(g)na;(f) (,) Dó(f)mi(f)nus(e) te(g)cum,(h) <v>\greheightstar</v>(;) Al(h)le(hg)lú(g>)ia(f) al(d)le(fg)lú(g>)ia.(f)  <sp>V/</sp>(::) Be(d)ne(f)dí(f)cta(f) tu(f) in(f) mu(f)li(f)é(g)ri(f)bus,(f) (,) et(f) be(f)ne(f)dí(f)ctus(f) fru(g)ctus(f) ven(f)tris(e) tu(g)i.(h)  <sp>V/</sp>(::) Gló(f)ri(f)a(e) Pa(g)tri(h) et(h) Fí(ixhi)li(h)o(h) (,) et(h) Spi(h)rí(h)tu(g)i(h) San(g>)cto.(f) (::)",0,25/3 TP,L
Beati qui habitant,Beati qui habitant * In domo tua Domine. ℣ In sæculum sæculi laudabunt te.,"Ps 83,5",6,f f fe dc f fgd ifghih j ii h gh ifghihgf g ghf f,ARII 709,Calithes.it,"(c4)Be(f)á(f)ti(fe) qui(dc) há(f)bi(fgd)tant(ixfgw!hih) <v>\greheightstar</v>(;) In(j) do(ixi)mo(h) tu(gh)a,(ixfg!hwiHGF) Dó(g)mi(ghf)ne.(f)  <sp>V/</sp>(::) In(f) sǽ(g)cu(f)lum(f) sǽ(gh)cu(f)li(fe) lau(dc~)dá(f)bunt(fgd) te.(ixfgw!hih)  <sp>V/</sp>(::) Gló(f)ri(f)a(f) Pa(gh)tri(f) (,) et(g) Fí(fe)li(dc)o(c) (;) et(dc~) Spi(f)rí(ixghwi)tu(ih)i(gh) San(gf~)cto.(f) (::)",0,Ded,2V
Beati qui habitant... all.,Beati qui habitant in domo tua Domine * Alleluia alleluia. ℣ In sæculum sæculi laudabunt te.,,6,f f f f gh f f f g f fe dc f fgd ifghih,ARII 710,"Antiphonale Romanum II, p. 710","(c4)Be(f)á(f)ti(f) qui(f) há(gh)bi(f)tant(f) (,) in(f) do(g)mo(f) tu(fe)a,(dc) Dó(f)mi(fgd)ne,(ixfgw!hih) <v>\greheightstar</v>(::) Al(ixi>)le(ivHG)lú(gh)ia(f) (,) al(dc~)le(ixfg!hwiHGF)lú(ghf~)ia.(f)  <sp>V/</sp>(::) In(f) sǽ(gh)cu(f)lum(f) sǽ(g)cu(f)li(fe) lau(dc)dá(f)bunt(fgd) te.(ixfgw!hih)  <sp>V/</sp>(::) Gló(f)ri(f)a(f) Pa(g)tri(f) (,) et(f) Fí(gh)li(f)o(f) (;) et(f) Spi(f)rí(g)tu(fe)i(dc) San(fgd)cto.(ixfgw!hih) (::)",0,Ded TP,2V
Benedicam Dominum,Benedicam Dominum * In omni tempore. ℣ Semper laus eius in ore meo.,"Ps 33,2",6,f f g f g gh hg fh gf g g f f,CAO 6236; AM 136,"Antiphonae & Responsoria/Tomus III, p. 130","(c4)Be(f)ne(f)dí(g)cam(f) Dó(g)mi(gh)num(hg) <v>\greheightstar</v>(;) In(fh) om(gf)ni(g) tém(g)po(f)re.(f)  <sp>V/</sp>(::) Sem(f)per(f) laus(f) e(g)ius(f) (,) in(f) o(f)re(f) me(gh)o.(hg)  <sp>V/</sp>(::) Gló(f)ri(f)a(f) Pa(gh)tri(h) et(h) Fí(ixhi)li(h)o(h) (,) et(h) Spi(h)rí(h)tu(g)i(h) San(gf~)cto.(f::)",0,2.4H4,L
Benedicamus Patrem,Benedicamus Patrem et Filium cum Sancto Spiritu. * Laudemus eum in sæcula. ℣ Soli Deo honor et gloria.,"<sp>V/</sp> 1 Tim 1,17",6,f f f g f f f f gh f f f fe dc f fgd ifghih,cf. CAO 6238; cf. ARII 407,Calithes.it,"(c4)Be(f)ne(f)di(f)cá(g)mus(f) Pa(f)trem(f) et(f) Fí(gh)li(f)um(f) (,) cum(f) San(fe~)cto(dc) Spí(f)ri(fgd)tu.(ixfgw!hih) <v>\greheightstar</v>(;) Lau(j)dé(j)mus(ixih) e(gh)um(f) in(ixfg!hwiHGF) sǽ(g)cu(ghf)la.(f)  <sp>V/</sp>(::) So(f)li(f) De(gh)o(f) (,) ho(f)nor(fe) et(dc~) gló(f)ri(fgd)a.(ixfgw!hih)  <sp>V/</sp>(::) Gló(f)ri(f)a(f) Pa(gh)tri(f) (,) et(g) Fí(fe)li(dc)o(c) (;) et(dc~) Spi(f)rí(ixghwi)tu(ih)i(gh) San(gf~)cto.(f) (::)",0,Trn,V
Benedicentur in ipso,Benedicentur in ipso * Omnes tribus terræ. ℣ Omnes gentes magnificabunt eum.,"Ps 71,17",6,f f f g f f gh hg f gh gf g g f,ARII 105,"Antiphonae & Responsoria/Tomus I, p. 125","(c4)Be(f)ne(f)di(f)cén(g)tur(f) in(f) i(gh)pso(hg) <v>\greheightstar</v>(;) Om(f)nes(gh) tri(gf)bus(g) ter(g)ræ.(f)  <sp>V/</sp>(::) Om(h)nes(h) gen(ixhi)tes(g) (`) ma(g)gni(h)fi(g)cá(g)bunt(f) e(gh)um.(hg)  <sp>V/</sp>(::) Gló(h)ri(h)a(h) Pa(ixhi)tri(h) et(g) Fí(gh)li(g)o(g) (,) et(g) Spi(g)rí(h)tu(g)i(gf) San(g)cto.(gh) (::)",0,Ep,V
Benedictus Dominus,Benedictus Dominus * A sæculo et usque in sæculum. ℣ Qui facit mirabilia solus.,"Ps 71,18; 105,48",6,f f g f g gh hg f gh g f f g fd f g f f,PM 115,"Antiphonæ & Responsoria/Tomus III, p. 122","(c4)Be(f)ne(f)dí(g)ctus(f) Dó(g)mi(gh)nus(hg) <v>\greheightstar</v>(;) A(f) sǽ(gh)cu(g)lo(f) et(f) us(g)que(fd) in(f) sǽ(g)cu(f)lum.(f)  <sp>V/</sp>(::) Qui(f) fa(g)cit(f) (,) mi(f)ra(f)bí(f)li(f)a(f) so(gh)lus.(hg)  <sp>V/</sp>(::) Gló(f)ri(f)a(f) Pa(gh)tri(h) et(h) Fí(ixhi)li(h)o(h) (,) et(h) Spi(h)rí(h)tu(g)i(h) San(gf~)cto.(f::)",0,1.3H2,L
Benedictus es Domine,Benedictus es Domine * In firmamento cæli. ℣ Et laudabilis et gloriosus in sæcula.,"Dan 3,56",6,f f f fg g gf g gh g f gh gfd fg g f,ARII 459,"Antiphonæ & Responsoria/Tomus III, p. 121","(c4)Be(f)ne(f)dí(f)ctus(fg) es,(g) Dó(gf)mi(g)ne,(gh) <v>\greheightstar</v>(;) In(g) fir(f)ma(gh)mén(gvFD)to(fg) cæ(g)li.(f)  <sp>V/</sp>(::) Et(h) lau(h)dá(ixhi)bi(h)lis(h) et(h) glo(h)ri(g)ó(gh)sus(g) (,) in(g) sǽ(gf)cu(g)la.(gh)  <sp>V/</sp>(::) Gló(h)ri(h)a(h) Pa(ixhi)tri(h) et(g) Fí(gh)li(g)o(g) (,) et(g) Spi(g)rí(h)tu(g)i(gf) San(g)cto.(gh) (::)",0,1.3H1,2V
Christe Fili Dei V/ Qui attritus,Christe Fili Dei vivi * Miserere nobis. ℣ Qui attritus es propter scelera nostra.,"cf. Mt 16,16; Is 53,5",4,g g g e f e de e e f dc df fgfe e,cf. CAO 6276,"Antiphonae & Responsoria/Tomus II, p. 6","(c4)Chri(g)ste,(g) Fi(g)li(e) De(f)i(e) vi(de)vi,(e) <v>\greheightstar</v>(;) Mi(e)se(f)ré(dc)re(df) no(fgFE)bis.(e)  <sp>V/</sp>(::) Qui(ixehiv) at(h)trí(gh)tus(g) es(g) (`) prop(g)ter(g) scé(h)le(gf)ra(de) no(efwgFE)stra.(e)  <sp>V/</sp>(::) Gló(ixehiv)ri(h)a(g) Pa(g)tri(g) et(g) Fí(gh)li(g)o(g) (,) et(g) Spi(g)rí(h)tu(gf)i(de) San(efwgFE~)cto.(e) (::)",0,1-5Q1,L
Christe Fili Dei V/ Qui hodie apparuit,Christe Fili Dei vivi * Miserere nobis. ℣ Qui hodie apparuisti.,"<sp>R/</sp>: cf. Mt 16,16",6,f f f fg g gf g gh f gh gfd fg g f,cf. CAO 6276,"Antiphonae & Responsoria/Tomus I, p. 149","(c4)Chri(f)ste,(f) Fi(f)li(fg) De(g)i(gf) vi(g)vi,(gh) <v>\greheightstar</v>(;) Mi(f)se(gh)ré(gvFD)re(fg) no(g)bis.(f)  <sp>V/</sp>(::) Qui(h) hó(ixhi)di(g)e(g) (`) ap(g)pa(g)ru(gf)í(g)sti.(gh)  <sp>V/</sp>(::) Gló(h)ri(h)a(h) Pa(ixhi)tri(h) et(g) Fí(gh)li(g)o(g) (,) et(g) Spi(g)rí(h)tu(g)i(gf) San(g)cto.(gh) (::)",0,Bapt,L
Christe Fili Dei V/ Qui Mariæ,Christe Fili Dei vivi * Miserere nobis. ℣ Qui Mariæ et Ioseph subditus fuisti.,"cf. Mt 16,16; cf. Lc 2,51",6,f f f fg g gf g gh f gh gfd fg g f,cf. CAO 6276,"Antiphonae & Responsoria/Tomus I, p. 92","(c4)Chri(f)ste,(f) Fi(f)li(fg) De(g)i(gf) vi(g)vi,(gh) <v>\greheightstar</v>(;) Mi(f)se(gh)ré(gvFD)re(fg) no(g)bis.(f)  <sp>V/</sp>(::) Qui(h) Ma(h)rí(ixhi)æ(h) et(g) Io(gh)seph(g) (,) súb(h)di(g)tus(g) fu(gf)í(g)sti.(gh)  <sp>V/</sp>(::) Gló(h)ri(h)a(h) Pa(ixhi)tri(h) et(g) Fí(gh)li(g)o(g) (,) et(g) Spi(g)rí(h)tu(g)i(gf) San(g)cto.(gh) (::)",0,Fam,L
Christe Fili Dei V/ Qui natus,Christe Fili Dei vivi * Miserere nobis. ℣ Qui natus es de Maria Virgine.,"<sp>R/</sp>: cf. Mt 16,16",6,f f f fg g gf g gh f gh gfd fg g f,cf. CAO 6276,"Antiphonae & Responsoria/Tomus I, p. 115","(c4)Chri(f)ste,(f) Fi(f)li(fg) De(g)i(gf) vi(g)vi,(gh) <v>\greheightstar</v>(;) Mi(f)se(gh)ré(gvFD)re(fg) no(g)bis.(f)  <sp>V/</sp>(::) Qui(h) na(ixhi)tus(g) es(g) de(g) Ma(g)rí(h)a(g) Vír(gf)gi(g)ne.(gh)  <sp>V/</sp>(::) Gló(h)ri(h)a(h) Pa(ixhi)tri(h) et(g) Fí(gh)li(g)o(g) (,) et(g) Spi(g)rí(h)tu(g)i(gf) San(g)cto.(gh) (::)",0,N2H1,L
Christe Fili Dei V/ Qui sedes,Christe Fili Dei vivi * Miserere nobis. ℣ Qui sedes ad dexteram Patris.,"<sp>R/</sp>: cf. Mt 16,16",6,f f f fg g gf g gh f gh gfd fg g f,CAO 6276; AR 15,"Antiphonæ & Responsoria/Tomus III, p. 121","(c4)Chri(f)ste,(f) Fi(f)li(fg) De(g)i(gf) vi(g)vi,(gh) <v>\greheightstar</v>(;) Mi(f)se(gh)ré(gvFD)re(fg) no(g)bis.(f)  <sp>V/</sp>(::) Qui(h) se(ixhi)des(g) (,) ad(g) déx(h)te(g)ram(gf) Pa(g)tris.(gh)  <sp>V/</sp>(::) Gló(h)ri(h)a(h) Pa(ixhi)tri(h) et(g) Fí(gh)li(g)o(g) (,) et(g) Spi(g)rí(h)tu(g)i(gf) San(g)cto.(gh) (::)",0,1.3H1,L
Christe Fili Dei V/ Qui surrexisti,Christe Fili Dei vivi miserere nobis * Alleluia alleluia. ℣ Qui surrexisti a mortuis.,"<sp>R/</sp>: cf. Mt 16,16",6,f f f f f f g f f f f e g h h hg g f d fg g f,cf. CAO 6276,"Antiphonae & Responsoria/Tomus II, p. 159","(c4)Chri(f)ste,(f) Fi(f)li(f) De(f)i(f) vi(g)vi,(f) (,) mi(f)se(f)ré(f)re(e) no(g)bis,(h) <v>\greheightstar</v>(;) Al(h)le(hg)lú(g>)ia(f) al(d)le(fg)lú(g>)ia.(f)  <sp>V/</sp>(::) Qui(f) sur(f)re(f)xí(g)sti(f) a(e) mór(g)tu(g)is.(h)  <sp>V/</sp>(::) Gló(f)ri(f)a(e) Pa(g)tri(h) et(h) Fí(ixhi)li(h)o(h) (,) et(h) Spi(h)rí(h)tu(g)i(h) San(g>)cto.(f) (::)",0,P1,L
Christe Fili Dei V/ Qui venturus,Christe Fili Dei vivi * Miserere nobis. ℣ Qui venturus es in mundum.,"<sp>R/</sp>: cf. Mt 16,16; <sp>V/</sp>: Io 6,14",4,e e e e f fd ef gg e f dc df f e,cf. CAO 6276,"Antiphonae & Responsoria/Tomus I, p. 4","(c4)Chri(e)ste,(e) Fi(e)li(e) De(f)i(fd) vi(ef)vi,(ggo) <v>\greheightstar</v>(;) Mi(e)se(f)ré(dc)re(df) no(f)bis.(e)  <sp>V/</sp>(::) Qui(c) ven(de)tú(e)rus(e) es(f) in(fd~) mun(ef)dum.(ggo)  <sp>V/</sp>(::) Gló(e)ri(g)a(g) Pa(gh)tri(h) et(h) Fí(g)li(h)o(e) (,) et(e) Spi(e)rí(f)tu(fe)i(d) San(ef<)cto.(g) (::)",0,Adv H1,L
Christus dilexit V/ Et fecit nos,Christus dilexit nos et lavit nos * In sanguine suo. ℣ Et fecit nos regnum et sacerdotes Deo et Patri.,"Ap 1,5-6",6,f f f g f fe dc f fgd ifghih h gh f ifghihgf ghf f,ARII 431,"Antiphonae & Responsoria/Tomus II, p. 189","(c4)Chri(f)stus(f) di(f)lé(g)xit(f) nos(fe) et(dc~) la(f)vit(fgd) nos(ixfgw!hih) <v>\greheightstar</v>(;) In(h) sán(gh)gui(f)ne(ixfg!hwiHGF) su(ghf)o.(f)  <sp>V/</sp>(::) Et(f) fe(g)cit(f) nos(f) re(gh)gnum(f) (,) et(f) sa(f)cer(f)dó(g)tes(f) De(f)o(fe) et(dc~) Pa(fgd)tri.(ixfgw!hih)  <sp>V/</sp>(::) Gló(f)ri(f)a(f) Pa(gh)tri(f) (,) et(g) Fí(fe)li(dc)o(c) (;) et(dc~) Spi(f)rí(ixghwi)tu(ih)i(gh) San(gf~)cto.(f) (::)",0,Cord,V
Christus dilexit nos V/ Ut nos offerret,Christus dilexit nos et lavit nos * In sanguine suo. ℣ Et fecit nos Deo regnum et sacerdotium.,"Ap 1,5-6",6,f f f g f f f g gh h fg h g fg g f,PM 343,"Antiphonae & Responsoria/Tomus III, p. 126","(c4)Chri(f)stus(f) di(f)lé(g)xit(f) nos(f) et(f) la(g)vit(gh) nos(h) <v>\greheightstar</v>(;) In(fg) sán(h)gui(g)ne(fg) su(g)o.(f)  <sp>V/</sp>(::) Et(f) fe(f)cit(f) nos(f) De(f)o(f) re(g)gnum(f) (,) et(f) sa(f)cer(f)dó(g)ti(gh)um.(hg)  <sp>V/</sp>(::) Gló(f)ri(f)a(f) Pa(gh)tri(h) et(h) Fí(ixhi)li(h)o(h) (,) et(h) Spi(h)rí(h)tu(g)i(h) San(gf~)cto.(f::)",0,1.3H6,V
Christus factus... crucis,Christus factus est pro nobis obœdiens usque ad mortem mortem autem crucis.,"Phil 2,8",5,ffg f fg f f f ghfedgefg f f hfghjjkjk jij hg hjjh f ifihgh fgf f fihhi g gjj ijhijighihg fff fdfghgfeghfhghggf,AM 420; ARII 185,"Antiphonae & Responsoria/Tomus II, p. 130","(c4)Chri(ffg)stus(f) fa(fg)ctus(f) est(f) pro(f) no(ghFEDge/fg)bis(f) (,) ob(f)<v>\char508</v>(hf/ghqjjvkjk)di(jij)ens(hg) (,) us(hvJJH)que(f) ad(ixfiHGh>) mor(fgf)tem,(f) (:) mor(fixhhoi>)tem(g) au(-gqjjv)tem(ixjhiwjvIGhwivHG) cru(fvfss)cis.(fd/f!ghvGFe@ghv/fhghvggf) (::)",0,6Q6,LV
Christus factus... crucis simpl.,Christus factus est pro nobis obœdiens usque ad mortem mortem autem crucis.,"Phil 2,8",4,e dedc d de e e gh h gf g fe e edd c de e e ffe d e f gg e,CAO 8443; OP 472,"Antiphonae & Responsoria/Tomus II, p. 130","(c4)Chri(e)stus(deDC) Dó(d)mi(de)nus(e) (,) fac(e)tus(gh) est(h) ob(gf)<v>\char508</v>(g)di(fe)ens(e) (,) us(eddo)que(c) ad(de) mor(e)tem,(e) (,) mor(ffe~)tem(d) au(e)tem(f) cru(ggo)cis.(e) (::)",0,6Q6,C
Christus factus... mortem,Christus factus est pro nobis obœdiens usque ad mortem.,"Phil 2,8",5,ffg f fg f f f ghfedgefg f f hfghjjkjk jij hg hjjh f ifihgh fgf f,AM 420; ARII 185,"Antiphonae & Responsoria/Tomus II, p. 127","(c4)Chri(ffg)stus(f) fa(fg)ctus(f) est(f) pro(f) no(ghFEDge/fg)bis(f) (,) ob(f)<v>\char508</v>(hf/g!hqjjvkjk)di(jij)ens(hg) (,) us(hvJJH)que(f) ad(ixfiHGh>) mor(fgf)tem.(f) (::)",0,6Q5,V
Christus factus... mortem simpl.,Christus factus est pro nobis obœdiens usque ad mortem.,"Phil 2,8",4,e dedc d de e e gh h gf g fe e edd c de e e,CAO 8443; OP 472,"Antiphonae & Responsoria/Tomus II, p. 127","(c4)Chri(e)stus(deDC) Dó(d)mi(de)nus(e) (,) fac(e)tus(gh) est(h) ob(gf)<v>\char508</v>(g)di(fe)ens(e) (,) us(eddo)que(c) ad(de) mor(e)tem.(e) (::)",0,6Q5,C
Christus factus... nomen,Christus factus est pro nobis obœdiens usque ad mortem mortem autem crucis. Propter quod Deus exaltavit illum et dedit illi nomen quod est super omne nomen.,"Phil 2,8",5,ffg f fg f f f ghfedgefg f f hfghjjkjk jij hg hjjh f ifihgh fgf f fihhi g gjj ijhijighihg ff fdfghgfeghfhghggf,ARII 197,"Antiphonae & Responsoria/Tomus II, p. 137","(c4)Chri(ffg)stus(f) fa(fg)ctus(f) est(f) pro(f) no(ghFEDge/fg)bis(f) (,) ob(f)<v>\char508</v>(hf/ghqjjvkjk)di(jij)ens(hg) (,) us(hvJJH)que(f) ad(ixfiHGh>) mor(fgf)tem,(f) (:) mor(fixhhoi>)tem(g) au(-gqjjv)tem(ixjhiwjvIGhwivHG) cru(fvfss)cis.(fd/f!ghvGFe@ghv/fhghvggf) (::) (c3) Prop(d)ter(d) quod(fe~) De(eh)us(h) ex(h)al(h)tá(h)vit(h) il(h)lum(ihhe/hih/ihhe) (,) (hiqklvKIjvHFhg/ijhjvIHjvIHhvGF) (:) et(f) de(f!hoi)dit(i) il(i)li(ih/jkiHHF) (,) no(hfhsss)men,(hfgwhivh!ijhh/iih) (;) quod(d) est(d) su(d)per(d) om(dfvED)ne(ef) no(fhvGFhsss)men.(gxhhf/gfgvED) (,) (gxfvgvEDfehvhsshffo/dfefveed) (::)",0,6Q7,LV
Christus factus... nomen simpl.,Christus factus est pro nobis obœdiens usque ad mortem mortem autem crucis. Propter quod Deus exaltavit illum et dedit illi nomen quod est super omne nomen.,"Phil 2,8",4,e dedc d de e e gh h gf g fe e edd c de e e ffe d e f gg e d dh h hi h h h h g hijh h h h g fe de ef ed fe d e f g ghg e e,CAO 8443; OP 472,"Antiphonae & Responsoria/Tomus II, p. 138","(c4)Chri(e)stus(deDC) fa(d)ctus(de) est(e) (,) pro(e) no(gh)bis(h) ob(gf)<v>\char508</v>(g)di(fe)ens(e) (,) us(eddo)que(c) ad(de) mor(e)tem,(e) (,) mor(ffe~)tem(d) au(e)tem(f) cru(ggo)cis.(e) (:) Prop(d)ter(dh) quod(h) De(hi)us(h) (,) ex(h)al(h)tá(h)vit(g) il(hiwjh~)lum(h) (;) et(h>) de(h)dit(g) il(fe~)li(de) no(ef)men,(ed) (,) quod(fe) est(d) su(e)per(f) om(g>)ne(ghg) no(e)men.(e) (::)",0,6Q7,C
Cibavit nos,Cibavit nos Dominus * Ex adipe frumenti. ℣ Et de petra melle saturavit nos.,"Ps 80,17",6,f g f f g gh hg,cf. AM 546,"Antiphonae & Responsoria/Tomus III, p. 125","(c4)Ci(f)bá(g)vit(f) nos(f) Dó(g)mi(gh)nus(hg) <v>\greheightstar</v>(;) Ex(f) á(gh)di(g)pe(f) fru(g)mén(g)ti.(f)  <sp>V/</sp>(::) Et(f) de(f) pe(f)tra(f) mel(g)le(f) (,) sa(f)tu(f)rá(g)vit(gh) nos.(hg)  <sp>V/</sp>(::) Gló(f)ri(f)a(f) Pa(gh)tri(h) et(h) Fí(ixhi)li(h)o(h) (,) et(h) Spi(h)rí(h)tu(g)i(h) San(gf~)cto.(f::)",0,1.3H5,V
Clamabo ad Dominum,Clamabo ad Dominum altissimum * Qui benefecit mihi. ℣ Mittet de cælo et liberabit me.,"Ps 56,3-4",6,f f f f g f f f g gh h g f gh gf g g f,PM 229,"Antiphonae & Responsoria/Tomus III, p. 131","(c4)Cla(f)má(f)bo(f) ad(f) Dó(g)mi(f)num(f) al(f)tís(g)si(gh)mum,(h) <v>\greheightstar</v>(;) Qui(g) be(f)ne(gh)fé(gf)cit(g) mi(g)hi.(f)  <sp>V/</sp>(::) Mit(f)tet(f) de(f) cæ(g)lo(f) (,) et(f) li(f)be(f)rá(g)bit(gh) me.(h)  <sp>V/</sp>(::) Gló(f)ri(f)a(f) Pa(gh)tri(h) et(h) Fí(ixhi)li(h)o(h) (,) et(h) Spi(h)rí(h)tu(g)i(h) San(gf~)cto.(f::)",0,2.4H6,L
Clamavi ad te,Clamavi ad te Domine; * Tu es refugium meum. ℣ Portio mea in terra viventium.,"Ps 141,6",6,f f f g f g gh h g f gh g f g g f,PM 258,"Antiphonae & Responsoria/Tomus III, p. 126","(c4)Cla(f)má(f)vi(f) ad(g) te,(f) Dó(g)mi(gh)ne;(h) <v>\greheightstar</v>(;) Tu(g) es(f) re(gh)fú(g)gi(f)um(g) me(g)um.(f)  <sp>V/</sp>(::) Pór(f)ti(f)o(f) me(g)a(f) (,) in(f) ter(f)ra(f) vi(f)vén(g)ti(gh)um.(h)  <sp>V/</sp>(::) Gló(f)ri(f)a(f) Pa(gh)tri(h) et(h) Fí(ixhi)li(h)o(h) (,) et(h) Spi(h)rí(h)tu(g)i(h) San(gf~)cto.(f::)",0,1.3H7,L
Clamavi in toto,Clamavi in toto corde meo: * Exaudi me Domine. ℣ Iustificationes tuas requiram.,"Ps 118,145",6,f g f f f f f f gh hg fg h g fg g f f,CAO 6293; AR 33,"Antiphonae & Responsoria/Tomus III, p. 124","(c4)Cla(f)má(g)vi(f) in(f) to(f)to(f) cor(f)de(f) me(gh)o:(hg) <v>\greheightstar</v>(;) Ex(fg)áu(h)di(g) me,(fg) Dó(g)mi(f)ne.(f)  <sp>V/</sp>(::) Iu(f)sti(f)fi(f)ca(f)ti(f)ó(f)nes(f) tu(g)as(f) re(f)quí(gh)ram.(hg)  <sp>V/</sp>(::) Gló(f)ri(f)a(f) Pa(gh)tri(h) et(h) Fí(ixhi)li(h)o(h) (,) et(h) Spi(h)rí(h)tu(g)i(h) San(gf~)cto.(f::)",0,1.3H5,L
Confitebimur tibi,Confitebimur tibi Deus * Et invocabimus nomen tuum. ℣ Narrabimus mirabilia tua.,"Ps 74,2",6,f f g f fg g gf g gh g f g h g fd f g g f,PM 80,"Antiphonae & Responsoria/Tomus III, p. 127","(c4)Con(f)fi(f)té(g)bi(f)mur(fg) ti(g)bi,(gf) De(g)us,(gh) <v>\greheightstar</v>(;) Et(g) in(f)vo(g)cá(h)bi(g)mus(fd) no(f)men(g) tu(g)um.(f)  <sp>V/</sp>(::) Nar(h)rá(ixhi)bi(g)mus(g) (,) mi(g)ra(g)bí(h)li(g)a(gf) tu(g)a.(gh)  <sp>V/</sp>(::) Gló(h)ri(h)a(h) Pa(ixhi)tri(h) et(g) Fí(gh)li(g)o(g) (,) et(g) Spi(g)rí(h)tu(g)i(gf) San(g)cto.(gh) (::)",0,2.4H1,L
Confitebor tibi,Confitebor tibi Domine * In toto corde meo. ℣ Et glorificabo nomen tuum in gentibus.,"Ps 85,12",6,f f f f g f g gh h g f gh gf g g f,cf. CAO 6318; ARII 498,"Antiphonae & Responsoria/Tomus V, p. 260","(c4)Con(f)fi(f)té(f)bor(f) ti(g)bi,(f) Dó(g)mi(gh)ne,(h) <v>\greheightstar</v>(;) In(g) to(f)to(gh) cor(gf)de(g) me(g)o.(f)  <sp>V/</sp>(::) Et(h) glo(h)ri(h)fi(h)cá(h)bo(h) no(h)men(h) tu(ixhi)um(g) (,) in(g) gén(f)ti(gh)bus.(hg)  <sp>V/</sp>(::) Gló(h)ri(h)a(h) Pa(ixhi)tri(h) et(g) Fí(gh)li(g)o(g) (,) et(g) Spi(g)rí(h)tu(g)i(gf) San(g)cto.(gh) (::)",0,25/1,V
Constitues eos,Constitues eos principes * Super omnem terram. ℣ Memores erunt nominis tui Domine.,"Ps 44,17-18",6,f f f f g f g gh hg f gh gf g g f,CAO 6329; AM 620,"Antiphonale Monasticum, p. 620","(c4)Con(f)stí(f)tu(f)es(f) e(g)os(f) prín(g)ci(gh)pes(hg) <v>\greheightstar</v>(;) Su(f)per(gh) om(gf~)nem(g) ter(g)ram.(f)  <sp>V/</sp>(::) Mé(ixhi)mo(h)res(g) e(gh)runt(g) (,) nó(h)mi(g)nis(g) tu(g)i,(f) Dó(g)mi(gh)ne.(hg)  <sp>V/</sp>(::) Gló(h)ri(h)a(h) Pa(ixhi)tri(h) et(g) Fí(gh)li(g)o(g) (,) et(g) Spi(g)rí(h)tu(g)i(gf) San(g)cto.(gh) (::)",0,Ap,L
Constitues eos... all.,Constitues eos principes super omnem terram * Alleluia alleluia. ℣ Memores erunt nominis tui Domine.,,6,f f f f f f g f f f f f e g h h hg g f d fg g f,,"Antiphonale Prataliense/Tomus II, p. 401","(c4)Con(f)stí(f)tu(f)es(f) e(f)os(f) prín(g)ci(f)pes(f) (,) su(f)per(f) om(f)nem(e) ter(g)ram,(h) <v>\greheightstar</v>(;) Al(h)le(hg)lú(g>)ia(f) al(d)le(fg)lú(g>)ia.(f)  <sp>V/</sp>(::) Mé(d)mo(f)res(f) e(g)runt(f) (,) nó(f)mi(f)nis(f) tu(f)i,(e) Dó(g)mi(g)ne.(h)  <sp>V/</sp>(::) Gló(f)ri(f)a(e) Pa(g)tri(h) et(h) Fí(ixhi)li(h)o(h) (,) et(h) Spi(h)rí(h)tu(g)i(h) San(gf~)cto.(f) (::)",0,Ap TP,L
Constituit eum,Constituit eum * Dominum domus suæ. ℣ Et principem omnis possessionis suæ.,"Ps 104,21",6,f g f f gh h g f gh gf g g f,AM 843,Calithes.it,"(c4)Con(f)stí(g)tu(f)it(f) e(gh)um(h) <v>\greheightstar</v>(;) Dó(g)mi(f)num(gh) do(gf)mus(g) su(g)æ.(f)  <sp>V/</sp>(::) Et(h) prín(ixhi>)ci(g)pem(g) (,) om(h>)nis(g) pos(g)ses(g)si(g)ó(g)nis(f) su(gh)æ.(hg)  <sp>V/</sp>(::) Gló(h)ri(h)a(h) Pa(ixhi)tri(h) et(g) Fí(gh)li(g)o(g) (,) et(g) Spi(g)rí(h)tu(g)i(gf) San(g)cto.(gh) (::)",0,19/3,L
Constituit eum... all. soll.,Constituit eum dominum domus suæ * Alleluia alleluia. ℣ Et principem omnis possessionis suæ.,,6,f f f f g f f f f f e g h h hg g f d fg g f,AM 843,"Antiphonae & Responsoria/Tomus V, p. 268","(c4)Con(f)stí(f)tu(f)it(f) e(g)um(f) (,) do(f)mi(f)num(f) do(f)mus(e) su(g)æ,(h) <v>\greheightstar</v>(;) Al(h)le(hg)lú(g>)ia(f) al(d)le(fg)lú(g>)ia.(f)  <sp>V/</sp>(::) Et(f) prín(g)ci(f)pem(f) (,) om(f)nis(f) pos(f)ses(f)si(f)ó(f)nis(e) su(g)æ.(h)  <sp>V/</sp>(::) Gló(f)ri(f)a(e) Pa(g)tri(h) et(h) Fí(ixhi)li(h)o(h) (,) et(h) Spi(h)rí(h)tu(g)i(h) San(gf~)cto.(f) (::)",0,19/3 TP,L
Constituit eum... all. simpl.,Constituit eum dominum domus suæ * Alleluia alleluia. ℣ Et principem omnis possessionis suæ.,"Ps 104,21",6,f f f f g f f f f f e g h h hg g f d fg g f,AM 874,"Antiphonae & Responsoria/Tomus V, p. 268","(c4)Con(f)stí(f)tu(f)it(f) e(g)um(f) (,) do(f)mi(f)num(f) do(f)mus(e) su(g)æ,(h) <v>\greheightstar</v>(;) Al(h)le(hg)lú(g>)ia(f) al(d)le(fg)lú(g>)ia.(f)  <sp>V/</sp>(::) Et(f) prín(g)ci(f)pem(f) (,) om(f)nis(f) pos(f)ses(f)si(f)ó(f)nis(e) su(g)æ.(h)  <sp>V/</sp>(::) Gló(f)ri(f)a(e) Pa(g)tri(h) et(h) Fí(ixhi)li(h)o(h) (,) et(h) Spi(h)rí(h)tu(g)i(h) San(gf~)cto.(f) (::)",0,1/5,L
Crastina die,Crastina die * Delebitur iniquitas terræ. ℣ Et regnabit super nos Salvator mundi.,,6,f f f gh hg f gh g f g fd f g g f,CAO 6345; AR 226,"Antiphonae & Responsoria/Tomus I, p. 75","(c4)Crá(f)sti(f)na(f) di(gh)e(hg) <v>\greheightstar</v>(;) De(f)lé(gh)bi(g)tur(f) in(g)í(fd)qui(f)tas(g) ter(g)ræ.(f)  <sp>V/</sp>(::) Et(h) re(h)gná(ixhi)bit(g) su(gh)per(g) nos(g) (,) Sal(g)vá(h)tor(gf) mun(gh)di.(hg)  <sp>V/</sp>(::) Gló(h)ri(h)a(h) Pa(ixhi)tri(h) et(g) Fí(gh)li(g)o(g) (,) et(g) Spi(g)rí(h)tu(g)i(gf) San(g)cto.(gh) (::)",0,Adv 24/12,L
Custodi nos Domine,Custodi nos Domine * Ut pupillam oculi. ℣ Sub umbra alarum tuarum protege nos.,"Ps 16,8",6,f g f f g gh hg f gh gf g g f f,cf. CAO 6385; PM 331,"Antiphonae & Responsoria/Tomus III, p. 130","(c4)Cu(f)stó(g)di(f) nos,(f) Dó(g)mi(gh)ne,(hg) <v>\greheightstar</v>(;) Ut(f) pu(gh)píl(gf)lam(g) ó(g)cu(f)li.(f)  <sp>V/</sp>(::) Sub(f) um(f)bra(f) a(f)lá(f)rum(f) tu(f)á(g)rum(f) (,) pró(f)te(f)ge(gh) nos.(hg)  <sp>V/</sp>(::) Gló(f)ri(f)a(f) Pa(gh)tri(h) et(h) Fí(ixhi)li(h)o(h) (,) et(h) Spi(h)rí(h)tu(g)i(h) San(gf~)cto.(f::)",0,2.4H4,V
Debuit per omnia,Debuit per omnia fratribus similari * Ut misericors fieret. ℣ In terris visus est et cum hominibus conversatus est.,"Hebr 2,17; Bar 3,38",6,f f f f g f f f f fg g gf g gh f gh g fd fg g f f,ARII 67,"Antiphonae & Responsoria/Tomus I, p. 94","(c4)Dé(f)bu(f)it(f) per(f) óm(g)ni(f)a(f) (,) frá(f)tri(f)bus(fg) si(g)mi(gf)lá(g)ri,(gh) <v>\greheightstar</v>(;) Ut(f) mi(gh)sé(g)ri(fd)cors(fg) fí(g)e(f)ret.(f)  <sp>V/</sp>(::) In(h) ter(h)ris(h) vi(ixhi)sus(g) est,(g) (,) et(g) cum(g) ho(g)mí(h)ni(g)bus(g) con(g)ver(g)sá(gf)tus(g) est.(gh)  <sp>V/</sp>(::) Gló(h)ri(h)a(h) Pa(ixhi)tri(h) et(g) Fí(gh)li(g)o(g) (,) et(g) Spi(g)rí(h)tu(g)i(gf) San(g)cto.(gh) (::)",0,Fam,2V
Deus meus adiutor,Deus meus adiutor meus * Et sperabo in eum. ℣ Refugium meum et liberator meus.,"Ps 17,3",6,f f g f f f f gh hg f gh g f g g f,PM 141,"Antiphonæ & Responsoria/Tomus III, p. 123","(c4)De(f)us(f) me(g)us,(f) ad(f)iú(f)tor(f) me(gh)us,(hg) <v>\greheightstar</v>(;) Et(f) spe(gh)rá(g)bo(f) in(g) e(g)um.(f)  <sp>V/</sp>(::) Re(f)fú(f)gi(f)um(f) me(g)um(f) (,) et(f) li(f)be(f)rá(f)tor(f) me(gh)us.(hg)  <sp>V/</sp>(::) Gló(f)ri(f)a(f) Pa(gh)tri(h) et(h) Fí(ixhi)li(h)o(h) (,) et(h) Spi(h)rí(h)tu(g)i(h) San(gf~)cto.(f::)",0,1.3H3,L
Deus omnipotens,Deus omnipotens * Præcinxit me virtute. ℣ Et posuit immaculatam viam meam.,"Ps 17,33",6,f f f g gh h g f gh gf g g f,AM 765,Calithes.it,"(c4)De(f)us(f) om(f)ní(g)po(gh)tens(h) <v>\greheightstar</v>(;) Præ(g)cín(f)xit(gh) me(gf) vir(g)tú(g)te.(f)  <sp>V/</sp>(::) Et(h) pó(ixhi)su(h)it(h) im(h)ma(h)cu(g)lá(gh)tam(g) (,) vi(g)am(f) me(gh)am.(hg)  <sp>V/</sp>(::) Gló(h)ri(h)a(h) Pa(ixhi)tri(h) et(g) Fí(gh)li(g)o(g) (,) et(g) Spi(g)rí(h)tu(g)i(gf) San(g)cto.(gh) (::)",0,8/12,L
Dirigatur Domine,Dirigatur Domine * Ad te oratio mea. ℣ Sicut incensum in conspectu tuo.,"Ps 140,2",6,f f g f g gh h g f gh g f g g f,CAO 6458; PM 337,"Antiphonae & Responsoria/Tomus III, p. 128","(c4)Di(f)ri(f)gá(g)tur,(f) Dó(g)mi(gh)ne,(h) <v>\greheightstar</v>(;) Ad(g) te(f) o(gh)rá(g)ti(f)o(g) me(g)a.(f)  <sp>V/</sp>(::) Si(f)cut(f) in(f)cén(g)sum(f) in(f) con(f)spé(f)ctu(f) tu(gh)o.(hg)  <sp>V/</sp>(::) Gló(f)ri(f)a(f) Pa(gh)tri(h) et(h) Fí(ixhi)li(h)o(h) (,) et(h) Spi(h)rí(h)tu(g)i(h) San(gf~)cto.(f::)",0,2.4H2,V
Domine Deus,Domine Deus * Audi clamorem populi. ℣ Et aperi eis fontem aquæ vivæ.,,6,fg g gf g gh f g h gfd fg g f f,ARII 111,"Antiphonae & Responsoria/Tomus I, p. 146","(c4)Dó(fg)mi(g)ne(gf) De(g)us,(gh) <v>\greheightstar</v>(;) Au(f)di(g) cla(h)mó(gvFD)rem(fg) pó(g)pu(f)li.(f)  <sp>V/</sp>(::) Et(h) a(ixhi)pé(g)ri(f) e(gh)is(g) (`) fon(g)tem(g) a(g)quæ(gf) vi(g)væ.(gh)  <sp>V/</sp>(::) Gló(h)ri(h)a(h) Pa(ixhi)tri(h) et(g) Fí(gh)li(g)o(g) (,) et(g) Spi(g)rí(h)tu(g)i(gf) San(g)cto.(gh) (::)",0,Bapt,1V
Dominus pascit me,Dominus pascit me * Et nihil mihi deerit. ℣ In pascuis virentibus me collocavit.,"Ps 22,1-2",6,f f f g gh h g f gh gf g g f f,PM 315,"Antiphonae & Responsoria/Tomus III, p. 131","(c4)Dó(f)mi(f)nus(f) pa(g)scit(gh) me,(h) <v>\greheightstar</v>(;) Et(g) ni(f)hil(gh) mi(gf)hi(g) dé(g)e(f)rit.(f)  <sp>V/</sp>(::) In(f) pás(f)cu(f)is(f) vi(f)rén(g)ti(f)bus(f) (,) me(f) col(f)lo(f)cá(gh)vit.(h)  <sp>V/</sp>(::) Gló(f)ri(f)a(f) Pa(gh)tri(h) et(h) Fí(ixhi)li(h)o(h) (,) et(h) Spi(h)rí(h)tu(g)i(h) San(gf~)cto.(f::)",0,2.4H5,V
Domum tuam,Domum tuam Domine * Decet sanctitudo. ℣ In longitudinem dierum.,"Ps 92,5",6,fg f fe dc f fgd ifghih j iih gh ifghihgf ghf f,CAO 6526; ARII 700,Calithes.it,"(c4)Do(fg)mum(f) tu(fe)am,(dc~) Dó(f)mi(fgd)ne,(ixfgw!hih) <v>\greheightstar</v>(;) De(j)cet(ixih) san(gh~)cti(ixfg!hwiHGF)tú(ghf)do.(f)  <sp>V/</sp>(::) In(f) lon(f)gi(f)tú(g)di(f)nem(fe) di(dc)é(fgd)rum.(ixfgw!hih)  <sp>V/</sp>(::) Gló(f)ri(f)a(f) Pa(gh)tri(f) (,) et(g) Fí(fe)li(dc)o(c) (;) et(dc~) Spi(f)rí(ixghwi)tu(ih)i(gh) San(gf~)cto.(f) (::)",0,Ded,1V
Domum tuam... all.,Domum tuam Domine decet sanctitudo * Alleluia alleluia. ℣ In longitudinem dierum.,,6,f f g f gh f f g f fe dc fgd ifghih,ARII 701,"Antiphonale Romanum II, p. 701","(c4)Do(f)mum(f) tu(g)am,(f) Dó(gh)mi(f)ne,(f) (,) de(g)cet(f) san(fe)cti(dc)tú(fgd)do(ixfgw!hih)  , *(::) Al(ixi>)le(ivHG)lú(gh)ia(f) (,) al(dc~)le(ixfg!hwiHGF)lú(ghf~)ia.(f)  <sp>V/</sp>(::) In(f) lon(f)gi(f)tú(g)di(f)nem(fe) di(dc)é(fgd)rum.(ixfgw!hih)  <sp>V/</sp>(::) Gló(f)ri(f)a(f) Pa(g)tri(f) (,) et(f) Fí(gh)li(f)o(f) (;) et(f) Spi(f)rí(g)tu(fe)i(dc) San(fgd)cto.(ixfgw!hih) (::)",0,Ded TP,1V
Educas panem,Educas panem de terra * Alleluia alleluia. ℣ Et vinum lætificet cor hominis.,"Ps 103,1445",6,f f f g f e g h h hg g f d fg g f,AR 447,Calithes.it,"(c4)E(f)dú(f)cas(f) pa(g)nem(f) de(e) ter(g)ra,(h) <v>\greheightstar</v>(;) Al(h)le(hg)lú(g>)ia(f) al(d)le(fg)lú(g>)ia.(f)  <sp>V/</sp>(::) Et(d) vi(f)num(f) læ(f)tí(g)fi(f)cet(f) cor(e) hó(g)mi(g)nis.(h)  <sp>V/</sp>(::) Gló(f)ri(f)a(e) Pa(g)tri(h) et(h) Fí(ixhi)li(h)o(h) (,) et(h) Spi(h)rí(h)tu(g)i(h) San(g>)cto.(f) (::)",0,Corp,L
Ego dixi Domine,Ego dixi: Domine * Miserere mei. ℣ Sana animam meam quia peccavi tibi.,"Ps 40,5",4,g g g e fe de e e f dc df fgfe e,"cf. CAO 6626; AM 562","Antiphonae & Responsoria/Tomus II, p. 7","(c4)E(g)go(g) di(g)xi:(e) Dó(fe)mi(de)ne,(e) <v>\greheightstar</v>(;) Mi(e)se(f)ré(dc)re(df) me(fgFE)i.(e)  <sp>V/</sp>(::) Sa(ixehiv)na(h) á(g)ni(g)mam(g) me(gh)am,(g) (,) qui(g)a(g) pec(g)cá(gf)vi(de) ti(efwgFE)bi.(e)  <sp>V/</sp>(::) Gló(ixehiv)ri(h)a(g) Pa(g)tri(g) et(g) Fí(gh)li(g)o(g) (,) et(g) Spi(g)rí(h)tu(gf)i(de) San(efwgFE~)cto.(e) (::)",0,0-5Q2-6,V
Ego dixi Domine ornatus,Ego dixi: Domine * Miserere mei. ℣ Sana animam meam quia peccavi tibi.,"Ps 40,5",2,c cd de d f fed defgfdcefgffedc d f ed fe d d,"cf. CAO 6626; ARII 130","Antiphonae & Responsoria/Tomus II, p. 5","(f3)E(e)go(ef) di(fg)xi:(f) (,) Dó(h)mi(hvGF)ne,(f!ghoiHFEgv/hihhvGFE) <v>\greheightstar</v>(;) Mi(f)se(h)ré(gf)re(hg) me(f)i.(f)  <sp>V/</sp>(::) Sa(e)na(ef) á(fg)ni(f)mam(f) me(fg)am,(f) (,) qui(f)a(f) pec(f)cá(f)vi(hg) ti(hvGF)bi.(f!ghoiHFEgvhihhvGFE)  <sp>V/</sp>(::) Gló(e)ri(ef)a(f) Pa(fg)tri(f) et(f) Fí(fg)li(f)o(f) (,) et(f) Spi(f)rí(f)tu(f)i(hg) San(hvGF)cto.(f!ghoiHFEgvhihhvGFE) (::)",0,1-5Q1,2V
Elegit eam Deus,Elegit eam Deus * Et præelegit eam. ℣ In tabernaculo suo habitare facit eam.,,6,f f f g f gh h g f gh gf g g f,CAO 8046; AR [63],"Antiphonae & Responsoria/Tomus V, p. 259","(c4)E(f)lé(f)git(f) e(g)am(f) De(gh)us,(h) <v>\greheightstar</v>(;) Et(g) præ(f)e(gh)lé(gf)git(g) e(g)am.(f)  <sp>V/</sp>(::) In(h) ta(h)ber(h)ná(ixhi)cu(h)lo(g) su(gh)o(g) (,) ha(g)bi(g)tá(h)re(g) fa(g)cit(f) e(gh)am.(hg)  <sp>V/</sp>(::) Gló(h)ri(h)a(h) Pa(ixhi)tri(h) et(g) Fí(gh)li(g)o(g) (,) et(g) Spi(g)rí(h)tu(g)i(gf) San(g)cto.(gh) (::)",0,BMV,L
,Elegit eam Deus * Et præelegit eam. ℣ In tabernaculo suo habitare facit eam.,,6,f f f g f gh h g f gh gf g g f,CAO 8046; AR [63],,"(c4)E(f)lé(f)git(f) e(g)am(f) De(gh)us,(h) <v>\greheightstar</v>(;) Et(g) præ(f)e(gh)lé(gf)git(g) e(g)am.(f)  <sp>V/</sp>(::) In(h) ta(h)ber(h)ná(ixhi)cu(h)lo(g) su(gh)o(g) (,) ha(g)bi(g)tá(h)re(g) fa(g)cit(f) e(gh)am.(hg)  <sp>V/</sp>(::) Gló(h)ri(h)a(h) Pa(ixhi)tri(h) et(g) Fí(gh)li(g)o(g) (,) et(g) Spi(g)rí(h)tu(g)i(gf) San(g)cto.(gh) (::)",0,UnaMart,1V
,Elegit eam Deus * Et præelegit eam. ℣ In tabernaculo suo habitare facit eam.,,6,f f f g f gh h g f gh gf g g f,CAO 8046; AR [63],,"(c4)E(f)lé(f)git(f) e(g)am(f) De(gh)us,(h) <v>\greheightstar</v>(;) Et(g) præ(f)e(gh)lé(gf)git(g) e(g)am.(f)  <sp>V/</sp>(::) In(h) ta(h)ber(h)ná(ixhi)cu(h)lo(g) su(gh)o(g) (,) ha(g)bi(g)tá(h)re(g) fa(g)cit(f) e(gh)am.(hg)  <sp>V/</sp>(::) Gló(h)ri(h)a(h) Pa(ixhi)tri(h) et(g) Fí(gh)li(g)o(g) (,) et(g) Spi(g)rí(h)tu(g)i(gf) San(g)cto.(gh) (::)",0,Mul,2V
,Elegit eam Deus * Et præelegit eam. ℣ In tabernaculo suo habitare facit eam.,,6,f f f g f gh h g f gh gf g g f,CAO 8046; AR [63],,"(c4)E(f)lé(f)git(f) e(g)am(f) De(gh)us,(h) <v>\greheightstar</v>(;) Et(g) præ(f)e(gh)lé(gf)git(g) e(g)am.(f)  <sp>V/</sp>(::) In(h) ta(h)ber(h)ná(ixhi)cu(h)lo(g) su(gh)o(g) (,) ha(g)bi(g)tá(h)re(g) fa(g)cit(f) e(gh)am.(hg)  <sp>V/</sp>(::) Gló(h)ri(h)a(h) Pa(ixhi)tri(h) et(g) Fí(gh)li(g)o(g) (,) et(g) Spi(g)rí(h)tu(g)i(gf) San(g)cto.(gh) (::)",0,21/1,V
Elegit eam... all.,Elegit eam Deus et præelegit eam * Alleluia alleluia. ℣ In tabernaculo suo habitare facit eam.,,6,f f f f f g f f f f f e g h h hg g f d fg g f,,,"(c4)E(f)lé(f)git(f) e(f)am(f) De(g)us,(f) (,) et(f) præ(f)e(f)lé(f)git(e) e(g)am,(h) <v>\greheightstar</v>(;) Al(h)le(hg)lú(g>)ia(f) al(d)le(fg)lú(g>)ia.(f)  <sp>V/</sp>(::) In(d) ta(f)ber(f)ná(f)cu(f)lo(f) su(g)o(f) (,) ha(f)bi(f)tá(f)re(f) fa(f)cit(e) e(g)am(h::) .<sp>V/</sp>() Gló(f)ri(f)a(e) Pa(g)tri(h) et(h) Fí(ixhi)li(h)o(h) (,) et(h) Spi(h)rí(h)tu(g)i(h) San(gf~)cto.(f) (::)",0,BMV TP,L
,Elegit eam Deus et præelegit eam * Alleluia alleluia. ℣ In tabernaculo suo habitare facit eam.,,6,f f f f f g f f f f f e g h h hg g f d fg g f,,,"(c4)E(f)lé(f)git(f) e(f)am(f) De(g)us,(f) (,) et(f) præ(f)e(f)lé(f)git(e) e(g)am,(h) <v>\greheightstar</v>(;) Al(h)le(hg)lú(g>)ia(f) al(d)le(fg)lú(g>)ia.(f)  <sp>V/</sp>(::) In(d) ta(f)ber(f)ná(f)cu(f)lo(f) su(g)o(f) (,) ha(f)bi(f)tá(f)re(f) fa(f)cit(e) e(g)am(h::) .<sp>V/</sp>() Gló(f)ri(f)a(e) Pa(g)tri(h) et(h) Fí(ixhi)li(h)o(h) (,) et(h) Spi(h)rí(h)tu(g)i(h) San(gf~)cto.(f) (::)",0,Mul TP,2V
Exaltabo te V/ Convertisti,Exaltabo te Domine * Quoniam suscepisti me. ℣ Convertisti planctum meum in gaudium mihi.,"Ps 29,2.12",6,f f g f f g gh h g f gh gf g g f f,,Calithes.it,"(c4)Ex(f)al(f)tá(g)bo(f) te,(f) Dó(g)mi(gh)ne,(h) <v>\greheightstar</v>(;) Quó(g)ni(f)am(gh) su(gf)sce(g)pí(g)sti(f) me.(f)  <sp>V/</sp>(::) Con(h)ver(h)tí(ixhi)sti(h) plan(h)ctum(g) me(gh)um(g) (,) in(g) gáu(h)di(g)um(f) mi(gh)hi.(hg)  <sp>V/</sp>(::) Gló(h)ri(h)a(h) Pa(ixhi)tri(h) et(g) Fí(gh)li(g)o(g) (,) et(g) Spi(g)rí(h)tu(g)i(gf) San(g)cto.(gh) (::)",0,Def,L
Exaltabo te V/ Nec delectasti,Exaltabo te Domine * Quoniam suscepisti me. ℣ Nec delectasti inimicos meos super me.,"Ps 29,2",6,f f g fe dc f fgd ifghih j ii ih gh ifghihgf g ghf f,ARII 684,"Antiphonae & Responsoria/Tomus V, p. 284","(c4)Ex(f)al(f)tá(g)bo(fe) te,(dc) Dó(f)mi(fgd)ne,(ixfgw!hih) <v>\greheightstar</v>(;) Quó(j)ni(ixi>)am(ih) su(gh)sce(ixfg!hwiHGF)pí(g)sti(ghf) me.(f)  <sp>V/</sp>(::) Nec(f) de(f)le(f)ctá(gh)sti(f) in(f)i(f)mí(g)cos(f) me(fe)os(dc) su(f)per(fgd) me.(ixfgw!hih)  <sp>V/</sp>(::) Gló(f)ri(f)a(f) Pa(gh)tri(f) (,) et(g) Fí(fe)li(dc)o(c) (;) et(dc~) Spi(f)rí(ixghwi)tu(ih)i(gh) San(gf~)cto.(f) (::)",0,8/12,1V
Exaltabo te... all.,Exaltabo te Domine quoniam suscepisti me * Alleluia alleluia. ℣ Convertisti planctum meum in gaudium mihi.,,6,f f f f f g f f f f f f e g g h h hg g f d fg g f,,,"(c4)Ex(f)al(f)tá(f)bo(f) te,(f) Dó(g)mi(f)ne,(f) (,) quó(f)ni(f)am(f) su(f)sce(e)pí(g)sti(g) me,(h) <v>\greheightstar</v>(;) Al(h)le(hg)lú(g>)ia(f) al(d)le(fg)lú(g>)ia.(f)  <sp>V/</sp>(::) Con(d)ver(f)tí(f)sti(f) plan(f)ctum(f) me(g)um(f) (,) in(f) gáu(f)di(f)um(e) mi(g)hi.(h)  <sp>V/</sp>(::) Gló(f)ri(f)a(e) Pa(g)tri(h) et(h) Fí(ixhi)li(h)o(h) (,) et(h) Spi(h)rí(h)tu(g)i(h) San(gf~)cto.(f) (::)",0,Def TP,L
Exsultabo,Exsultabo et lætabor * In misericordia tua. ℣ Quoniam respexisti humilitatem meam.,"Ps 30,8",6,f f g f f f gh h g f g h gf f g g f,,,"(c4)Ex(f)sul(f)tá(g)bo(f) et(f) læ(f)tá(gh)bor(h) <v>\greheightstar</v>(;) In(g) mi(f)se(g)ri(h)cór(gf)di(f)a(g) tu(g)a.(f)  <sp>V/</sp>(::) Quó(ixhi)ni(h)am(h) re(h)spe(h)xí(gh)sti(g) (,) hu(g)mi(g)li(g)tá(g)tem(f) me(gh)am.(hg)  <sp>V/</sp>(::) Gló(h)ri(h)a(h) Pa(ixhi)tri(h) et(g) Fí(gh)li(g)o(g) (,) et(g) Spi(g)rí(h)tu(g)i(gf) San(g)cto.(gh) (::)",0,Mul,1V
Exsultabo... all.,Exsultabo et lætabor in misericordia tua * Alleluia alleluia. ℣ Quoniam respexisti humilitatem meam.,,6,f f f f f f g f f f f f f f e g h h hg g f d fg g f,,,"(c4)Ex(f)sul(f)tá(f)bo(f) et(f) læ(f)tá(g)bor(f) (,) in(f) mi(f)se(f)ri(f)cór(f)di(f)a(e) tu(g)a,(h) <v>\greheightstar</v>(;) Al(h)le(hg)lú(g>)ia(f) al(d)le(fg)lú(g>)ia.(f)  <sp>V/</sp>(::) Quó(d)ni(f)am(f) re(f)spe(f)xí(g)sti(f) (,) hu(f)mi(f)li(f)tá(f)tem(e) me(g)am.(h)  <sp>V/</sp>(::) Gló(f)ri(f)a(e) Pa(g)tri(h) et(h) Fí(ixhi)li(h)o(h) (,) et(h) Spi(h)rí(h)tu(g)i(h) San(gf~)cto.(f) (::)",0,Mul TP,1V
Exsultabunt labia,Exsultabunt labia mea * Cum cantavero tibi. ℣ Lingua mea meditabitur iustitiam tuam.,"Ps 70,23.24",6,f f g f f f f gh hg f gh g f g g f,PM 259,"Antiphonae & Responsoria/Tomus III, p. 132","(c4)Ex(f)sul(f)tá(g)bunt(f) lá(f)bi(f)a(f) me(gh)a,(hg) <v>\greheightstar</v>(;) Cum(f) can(gh)tá(g)ve(f)ro(g) ti(g)bi.(f)  <sp>V/</sp>(::) Lin(f)gua(f) me(g)a(f) (,) me(f)di(f)tá(f)bi(f)tur(f) iu(f)stí(f)ti(f)am(f) tu(gh)am.(hg)  <sp>V/</sp>(::) Gló(f)ri(f)a(f) Pa(gh)tri(h) et(h) Fí(ixhi)li(h)o(h) (,) et(h) Spi(h)rí(h)tu(g)i(h) San(gf~)cto.(f::)",0,2.4H7,L
Exsultate iusti,Exsultate iusti in Domino; * Rectos decet collaudatio. ℣ Cantate ei canticum novum.,"Ps 32,1.3",6,f f f f g f f g gh hg f gh g f f g g f f,PM 115,"Antiphonae & Responsoria/Tomus III, p. 128","(c4)Ex(f)sul(f)tá(f)te,(f) iu(g)sti,(f) in(f) Dó(g)mi(gh)no;(hg) <v>\greheightstar</v>(;) Re(f)ctos(gh) de(g)cet(f) col(f)lau(g)dá(g)ti(f)o.(f)  <sp>V/</sp>(::) Can(f)tá(f)te(f) e(g)i(f) (,) cán(f)ti(f)cum(f) no(gh)vum.(hg)  <sp>V/</sp>(::) Gló(f)ri(f)a(f) Pa(gh)tri(h) et(h) Fí(ixhi)li(h)o(h) (,) et(h) Spi(h)rí(h)tu(g)i(h) San(gf~)cto.(f::)",0,2.4H2,L
Exsultent iusti soll.,Exsultent iusti * In conspectu Dei. ℣ Et delectentur in lætitia.,"Ps 67,4",6,f fe dc fgd ifghih j iih gh ifghihgf ghf f,CAO 6705; ARII 668,"Antiphonae & Responsoria/Tomus V, p. 282","(c4)Ex(f)súl(fe)tent(dc) iu(fgd)sti(ixfgw!hih) <v>\greheightstar</v>(;) In(j) con(ixih)spé(gh)ctu(ixfg!hwiHGF) De(ghf)i.(f)  <sp>V/</sp>(::) Et(f) de(g)le(f)ctén(gh~)tur(f) (,) in(fe~) læ(dc)tí(f)ti(fgd)a.(ixfgw!hih)  <sp>V/</sp>(::) Gló(f)ri(f)a(f) Pa(gh)tri(f) (,) et(g) Fí(fe)li(dc)o(c) (;) et(dc~) Spi(f)rí(ixghwi)tu(ih)i(gh) San(gf~)cto.(f) (::)",0,1/11,1V
Exsultent iusti simpl,Exsultent iusti * In conspectu Dei. ℣ Et delectentur in lætitia.,"Ps 67,4",6,f g f gh hg f gh gf g g f,CAO 6705; AM 645,"Antiphonale Monasticum, p. 645","(c4)Ex(f)súl(g)tent(f) iu(gh)sti(hg) <v>\greheightstar</v>(;) In(f) con(gh)spé(gf)ctu(g) De(g)i.(f)  <sp>V/</sp>(::) Et(h) de(h)le(h)ctén(ixhi)tur(g) (,) in(g) læ(f)tí(g)ti(gh)a.(hg)  <sp>V/</sp>(::) Gló(h)ri(h)a(h) Pa(ixhi)tri(h) et(g) Fí(gh)li(g)o(g) (,) et(g) Spi(g)rí(h)tu(g)i(gf) San(g)cto.(gh) (::)",0,Vir Pl,L
Exsultent iusti... all.,Exsultent iusti in conspectu Dei. * Alleluia alleluia. ℣ Et delectentur in lætitia.,,6,f f f g f f f f e g h h hg g f d fg g f,,"Antiphonale Prataliense/Tomus II, p. 499","(c4)Ex(f)súl(f)tent(f) iu(g)sti(f) (,) in(f) con(f)spé(f)ctu(e) De(g)i.(h) <v>\greheightstar</v>(;) Al(h)le(hg)lú(g>)ia(f) al(d)le(fg)lú(g>)ia.(f)  <sp>V/</sp>(::) Et(d) de(f)le(f)ctén(g)tur(f) in(f) læ(e)tí(g)ti(g)a.(h)  <sp>V/</sp>(::) Gló(f)ri(f)a(e) Pa(g)tri(h) et(h) Fí(ixhi)li(h)o(h) (,) et(h) Spi(h)rí(h)tu(g)i(h) San(gf~)cto.(f) (::)",0,Vir Pl TP,L
Firmamentum est,Firmamentum est Dominus * Timentibus eum. ℣ Et testamentum ipsius ut manifestetur illis.,"Ps 24,14",6,f f g f f g gh hg f gh gf g g f,AV suppl. 123,,"(c4)Fir(f)ma(f)mén(g)tum(f) est(f) Dó(g)mi(gh)nus(hg) <v>\greheightstar</v>(;) Ti(f)mén(gh)ti(gf)bus(g) e(g)um.(f)  <sp>V/</sp>(::) Et(h) te(h)sta(h)mén(ixhi)tum(h) i(g)psí(gh)us(g) (,) ut(g) ma(g)ni(g)fe(g)sté(g)tur(f) il(gh)lis.(hg)  <sp>V/</sp>(::) Gló(h)ri(h)a(h) Pa(ixhi)tri(h) et(g) Fí(gh)li(g)o(g) (,) et(g) Spi(g)rí(h)tu(g)i(gf) San(g)cto.(gh) (::)",0,Vir Pl,1V
Firmamentum est... all.,Firmamentum est Dominus timentibus eum * Alleluia alleluia. ℣ Et testamentum ipsius ut manifestetur illis.,,6,f f f f f g f f f f f e g h h hg g f d fg g f,AV suppl. 124,,"(c4)Fir(f)ma(f)mén(f)tum(f) est(f) Dó(g)mi(f)nus(f) (,) ti(f)men(f)ti(f)bus(e) e(g)um,(h) <v>\greheightstar</v>(;) Al(h)le(hg)lú(g>)ia(f) al(d)le(fg)lú(g>)ia.(f)  <sp>V/</sp>(::) Et(d) te(f)sta(f)mén(f)tum(f) i(f)psí(g)us(f) (,) ut(f) ma(f)ni(f)fe(f)sté(f)tur(e) il(g)lis.(h)  <sp>V/</sp>(::) Gló(f)ri(f)a(e) Pa(g)tri(h) et(h) Fí(ixhi)li(h)o(h) (,) et(h) Spi(h)rí(h)tu(g)i(h) San(gf~)cto.(f) (::)",0,Vir Pl TP,1V
Fortitudo mea,Fortitudo mea * Et laus mea Dominus. ℣ Et factus est mihi in salutem.,"Ps 117,14",6,f f g f gh hg f gh gf g g f f,,,"(c4)For(f)ti(f)tú(g)do(f) me(gh)a(hg) <v>\greheightstar</v>(;) Et(f) laus(gh) me(gf)a(g) Dó(g)mi(f)nus.(f)  <sp>V/</sp>(::) Et(h) fa(ixhi)ctus(h) est(h) mi(gh)hi(g) in(g) sa(f)lú(gh)tem.(hg)  <sp>V/</sp>(::) Gló(h)ri(h)a(h) Pa(ixhi)tri(h) et(g) Fí(gh)li(g)o(g) (,) et(g) Spi(g)rí(h)tu(g)i(gf) San(g)cto.(gh) (::)",0,UnM,L
Fulgebunt iusti,Fulgebunt iusti sicut sol in conspectu Dei * Alleluia alleluia. ℣ Et lætabuntur omnes recti corde.,"<sp>R/</sp>.: Mt 13,43 ; <sp>V/</sp>: Ps 31,11",6,f f f f f f f g f f f e g h h hg g f d fg g f,,,"(c4)Ful(f)gé(f)bunt(f) iu(f)sti(f) si(f)cut(f) sol(g) (,) in(f) con(f)spé(f)ctu(e) De(g)i,(h) <v>\greheightstar</v>(;) Al(h)le(hg)lú(g>)ia(f) al(d)le(fg)lú(g>)ia.(f)  <sp>V/</sp>(::) Et(d) læ(f)ta(f)bún(g)tur(f) (,) om(f)nes(f) re(f)cti(e) cor(g)de.(h)  <sp>V/</sp>(::) Gló(f)ri(f)a(e) Pa(g)tri(h) et(h) Fí(ixhi)li(h)o(h) (,) et(h) Spi(h)rí(h)tu(g)i(h) San(gf~)cto.(f) (::)",0,PlM TP UnM TP,2V
Gavisi sunt,Gavisi sunt discipuli * Alleluia alleluia. ℣ Viso Domino.,"Io 20,20",6,f f f f e g g h h hg g f d fg g f,CAO 6767; AR 34,"Antiphonae & Responsoria/Tomus II, p. 164","(c4)Ga(f)ví(f)si(f) sunt(f) di(e)scí(g)pu(g)li,(h) <v>\greheightstar</v>(;) Al(h)le(hg)lú(g>)ia(f) al(d)le(fg)lú(g>)ia.(f)  <sp>V/</sp>(::) Vi(f)so(e) Dó(g)mi(g)no.(h)  <sp>V/</sp>(::) Gló(f)ri(f)a(e) Pa(g)tri(h) et(h) Fí(ixhi)li(h)o(h) (,) et(h) Spi(h)rí(h)tu(g)i(h) San(g>)cto.(f) (::)",0,P2-6 usque Asc,V
Germinavit radix,Germinavit radix Iesse * Orta est stella ex Iacob. ℣ Virgo peperit Salvatorem.,"<sp>R/</sp>: cf. Is 11,1; Num 24,17",6,f f g f fe dc fgd ifghih j ii iih gh ifghihgf g ghf f,ARII 534,"Antiphonae & Responsoria/Tomus V, p. 263","(c4)Ger(f)mi(f)ná(g)vit(f) ra(fe)dix(dc) Ies(fgd)se,(ixfgw!hih) <v>\greheightstar</v>(;) Or(j)ta(ixi) est(ixih) stel(gh)la(ixfg!hwiHGF) ex(g) Ia(ghf)cob.(f)  <sp>V/</sp>(::) Vir(f)go(f) pé(g)pe(f)rit(f) Sal(fe)va(dc)tó(fgd)rem.(ixfgw!hih)  <sp>V/</sp>(::) Gló(f)ri(f)a(f) Pa(gh)tri(f) (,) et(g) Fí(fe)li(dc)o(c) (;) et(dc~) Spi(f)rí(ixghwi)tu(ih)i(gh) San(gf~)cto.(f) (::)",0,25/3,1V
Germinavit radix... all.,Germinavit radix Iesse orta est stella ex Iacob * Alleluia alleluia. ℣ Virgo peperit Salvatorem.,,6,f f g f f f gh f g f f fe dc f fgd ifghih,ARII 535,"Antiphonae & Responsoria/Tomus V, p. 264","(c4)Ger(f)mi(f)ná(g)vit(f) ra(f)dix(f) Ies(gh)se,(f) (,) or(g)ta(f) est(f) stel(fe)la(dc) ex(f) Ia(fgd)cob,(ixfgw!hih) <v>\greheightstar</v>(::) Al(ixi>)le(ivHG)lú(gh)ia(f) (,) al(dc~)le(ixfg!hwiHGF)lú(ghf~)ia.(f)  <sp>V/</sp>(::) Vir(f)go(f) pé(g)pe(f)rit(f) Sal(fe)va(dc)tó(fgd)rem.(ixfgw!hih)  <sp>V/</sp>(::) Gló(f)ri(f)a(f) Pa(g)tri(f) (,) et(f) Fí(gh)li(f)o(f) (;) et(f) Spi(f)rí(g)tu(fe)i(dc) San(fgd)cto.(ixfgw!hih) (::)",0,25/3 TP,1V
Gloria et honore... all.,Gloria et honore coronasti eum Domine * Alleluia alleluia. ℣ Et constituisti eum super opera manuum tuarum.,"Ps 8,6-7",6,f f f f f g f f f f f f e g g h h hg g f d fg g f,CAO 6775; AM 995,"Antiphonae & Responsoria/Tomus V, p. 274","(c4)Gló(f)ri(f)a(f) et(f) ho(f)nó(g)re(f) (,) co(f)ro(f)ná(f)sti(f) e(f)um,(e) Dó(g)mi(g)ne,(h) <v>\greheightstar</v>(;) Al(h)le(hg)lú(g>)ia(f) al(d)le(fg)lú(g>)ia.(f)  <sp>V/</sp>(::) Et(d) con(f)sti(f)tu(f)í(f)sti(f) e(g)um(f) (,) su(f)per(f) ó(f)pe(f)ra(f) má(f)nu(f)um(f) tu(e)á(g)rum.(h)  <sp>V/</sp>(::) Gló(f)ri(f)a(e) Pa(g)tri(h) et(h) Fí(ixhi)li(h)o(h) (,) et(h) Spi(h)rí(h)tu(g)i(h) San(gf~)cto.(f) (::)",0,6/8,L
Gloria et honore,Gloria et honore * Coronasti eum Domine. ℣ Et constituisti eum super opera manuum tuarum.,"Ps 8,6-7",6,f f f g f gh hg f g h g f g g f f,CAO 6774; AM 641,"Antiphonale Monasticum, p.641","(c4)Gló(f)ri(f)a(f) et(g) ho(f)nó(gh)re(hg) <v>\greheightstar</v>(;) Co(f)ro(g)ná(h)sti(g) e(f)um,(g) Dó(g)mi(f)ne.(f)  <sp>V/</sp>(::) Et(ixhi) con(h)sti(h)tu(h)í(h)sti(g) e(gh)um(g) (,) su(g)per(g) ó(g)pe(g)ra(g) má(h)nu(g)um(g) tu(f)á(gh)rum.(hg)  <sp>V/</sp>(::) Gló(h)ri(h)a(h) Pa(ixhi)tri(h) et(g) Fí(gh)li(g)o(g) (,) et(g) Spi(g)rí(h)tu(g)i(gf) San(g)cto.(gh) (::)",0,UnM,1V
Gloriosus apparuisti,Gloriosus apparuisti in conspectu Domini * Alleluia alleluia. ℣ Propterea decorem induit te Dominus.,,6,f f f f f f f g f f f f e g g h h hg g f d fg g f,cf. CAO 6783; ARII 606,"Antiphonae & Responsoria/Tomus V, p. 273","(c4)Glo(f)ri(f)ó(f)sus(f) ap(f)pa(f)ru(f)í(g)sti(f) (,) in(f) con(f)spé(f)ctu(e) Dó(g)mi(g)ni,(h) <v>\greheightstar</v>(;) Al(h)le(hg)lú(g>)ia(f) al(d)le(fg)lú(g>)ia.(f)  <sp>V/</sp>(::) Pro(d)ptér(f)e(f)a(f) de(f)có(g)rem(f) (,) ín(f)du(f)it(f) te(e) Dó(g)mi(g)nus.(h)  <sp>V/</sp>(::) Gló(f)ri(f)a(e) Pa(g)tri(h) et(h) Fí(ixhi)li(h)o(h) (,) et(h) Spi(h)rí(h)tu(g)i(h) San(gf~)cto.(f) (::)",0,6/8,1V
Hæc dies,Hæc dies quam fecit Dominus: exsultemus et lætemur in ea.,"Ps 117,24",2*,hgihghfhj jjhghgh h gh j jkljjhgh jhj j jhijkjkljjkkj h hj jijkljijjikjkjh hjhghjjhjihjggf fg hgh jhj jkjh gh jhjk kjklkjljlmkjjhghijkjklklkljhijh,CAO 8414; ARII 204,"Antiphonae & Responsoria/Tomus II, p. 144","(c3)Hæc(gxfegvFEfdfoh) di(hsshvFEfef)es(f) (,) quam(ef) fe(hvv)cit(hssijhhvFEfv) Dó(hfh)mi(hsss)nus:(hfgwh/iv/h!ijh/h/iih) (:) ex(f)sul(-fh>)té(hg/h!i!jvHG/HHG/ih/ivHF)mus(fhFEfh/hf/hvvGFhe/ed;) et(de) læ(fef)té(hfhsss)mur(hiHF) (,) in(ef) e(hfhoi)a.(ih/ijIHjh/jkIH/hvFEfgwh/iv/h!i!jv/ijijHFgwhf) (::)",0,1P1-8,LV
Hæc dies simpl.,Hæc dies quam fecit Dominus: exsultemus et lætemur in ea alleluia.,"Ps 117,24",4,cdefecdef egff ef dg hi h gh fghgfef fe g gh hgh e f fg fgfgfed ed f gh hg g gdef egff fe,CAO 6797,"https://digi.vatlib.it/view/MSS_Vat.lat.14676, f. 119r","(c4)Hæc(cdwe!fo/e/cdwe!fo) di(egffo)es(ef) quam(dg) fe(hi)cit(h) Dó(gh)mi(f/ghgFEfo)nus:(fe) (;) ex(g)sul(gh)té(hgh)mus(e) et(f) læ(fg)té(fgfgfvED)mur(ed) in(f) e(gh)a(hg) (,) al(g)le(gdewf)lu(egffo)ia.(fe) (::)",0,1P1-8,C
Hæc dies... all.,"Hæc dies quam fecit Dominus, alleluia: exsultemus et lætemur in ea, alleluia.","Ps 117,24",6,f f f f f e g g h f f d c f f f f f f f f e g h h hg g f,CAO 8414; ARII 204,"Antiphonae & Responsoria/Tomus II, p. 145","(c4)Hæc(f) di(f)es(f) quam(f) fe(f)cit(e) Dó(g)mi(g)nus,(h) (,) al(f)le(f)lú(d>)ia:(c) (;) ex(f)sul(f)té(f)mus(f) et(f) læ(f)té(f)mur(f) in(e) e(g)a,(h) (,) al(h)le(hg)lú(g>)ia.(f) (::)",0,1P1-8a,LV
Hic est fratrum,Hic est fratrum amator * Qui multum orat pro populo. ℣ Et animam suam tradidit pro fratribus suis.,"2 Mac 15,14; cf. 1 Io 3,16",6,f f g f f gh h g f g h g fg g f f,,"cf. Antiphonale Prataliense/Tomus II, p. 470","(c4)Hic(f) est(f) fra(g)trum(f) a(f)má(gh)tor,(h) <v>\greheightstar</v>(;) Qui(g) mul(f)tum(g) o(h)rat(g) pro(fg) pó(g)pu(f)lo.(f)  <sp>V/</sp>(::) Et(ixhi) á(h)ni(h)mam(h) su(h)am(g) trá(gh)di(g)dit(g) (,) pro(g) frá(g)tri(g)bus(f) su(gh)is.(hg)  <sp>V/</sp>(::) Gló(h)ri(h)a(h) Pa(ixhi)tri(h) et(g) Fí(gh)li(g)o(g) (,) et(g) Spi(g)rí(h)tu(g)i(gf) San(g)cto.(gh) (::)",0,Past,2V
Hic est fratrum... all.,Hic est fratrum amator qui multum orat pro populo Alleluia alleluia. ℣ Et animam suam tradidit pro fratribus suis.,,6,f f f f f g f f f f f f e g g h h hg g f d fg g f,,"Antiphonale Prataliense/Tomus II, p.470","(c4)Hic(f) est(f) fra(f)trum(f) a(f)má(g)tor,(f) (,) qui(f) mul(f)tum(f) o(f)rat(f) pro(e) pó(g)pu(g)lo(h)  ,(;) Al(h)le(hg)lú(g>)ia(f) al(d)le(fg)lú(g>)ia.(f)  <sp>V/</sp>(::) Et(d) á(f)ni(f)mam(f) su(f)am(f) trá(g)di(f)dit(f) (,) pro(f) frá(f)tri(f)bus(e) su(g)is.(h)  <sp>V/</sp>(::) Gló(f)ri(f)a(e) Pa(g)tri(h) et(h) Fí(ixhi)li(h)o(h) (,) et(h) Spi(h)rí(h)tu(g)i(h) San(gf~)cto.(f) (::)",0,Past TP,2V
Hic est qui venit,Hic est qui venit * Per aquam et sanguinem. ℣ Iesus Christus Dominus noster.,"1 Io 5,6",6,fg g gf g gh gh g fd fg g f f,ARII 117,"Antiphonae & Responsoria/Tomus I, p. 154","(c4)Hic(fg) est(g) qui(gf) ve(g)nit(gh) <v>\greheightstar</v>(;) Per(gh) a(g)quam(fd) et(fg) sán(g)gui(f)nem.(f)  <sp>V/</sp>(::) Ie(h)sus(h) Chri(ixhi)stus,(g) Dó(g)mi(g)nus(gf) no(g)ster.(gh)  <sp>V/</sp>(::) Gló(h)ri(h)a(h) Pa(ixhi)tri(h) et(g) Fí(gh)li(g)o(g) (,) et(g) Spi(g)rí(h)tu(g)i(gf) San(g)cto.(gh) (::)",0,Bapt,2V
Hoc signum,Hoc signum Crucis * Erit in cælo. ℣ Cum Dominus ad iudicandum venerit.,,6,f g f gh hg fh gf g g f,ARII 645,"Antiphonae & Responsoria/Tomus V, p. 278","(c4)Hoc(f) si(g)gnum(f) Cru(gh)cis(hg) <v>\greheightstar</v>(;) E(fh)rit(gf) in(g) cæ(g)lo.(f)  <sp>V/</sp>(::) Cum(h) Dó(ixhi)mi(g)nus(g) (,) ad(g) iu(g)di(g)cán(g)dum(f) vé(g)ne(gh)rit.(hg)  <sp>V/</sp>(::) Gló(h)ri(h)a(h) Pa(ixhi)tri(h) et(g) Fí(gh)li(g)o(g) (,) et(g) Spi(g)rí(h)tu(g)i(gf) San(g)cto.(gh) (::)",0,14/9,1V
Hodie Maria Virgo,Hodie Maria Virgo * Ad cælos ascendit. ℣ Et in æternum cum Christo triumphat.,,6,f f f f g f gh hg fh g f g g f,,Calithes.it,"(c4)Hó(f)di(f)e(f) Ma(f)rí(g)a(f) Vir(gh)go(hg) <v>\greheightstar</v>(;) Ad(fh) cæ(g)los(f) a(g)scén(g)dit.(f)  <sp>V/</sp>(::) Et(h) in(h) æ(h)tér(ixhi>)num(g) cum(g) Chri(h)sto(g) tri(f)úm(gh)phat.(hg)  <sp>V/</sp>(::) Gló(h)ri(h)a(h) Pa(ixhi)tri(h) et(g) Fí(gh)li(g)o(g) (,) et(g) Spi(g)rí(h)tu(g)i(gf) San(g)cto.(gh) (::)",0,15/8,L
Hodie scietis,Hodie scietis * Quia veniet Dominus. ℣ Et mane videbitis gloriam eius.,"cf. Ex 16,6-7",6,fg f fe dc fgd ifghih j iih gh f ifghihgf g ghf f,CAO 6865; ARII 51,"Antiphonae & Responsoria/Tomus I, p. 79","(c4)Hó(fg)di(f)e(fe) sci(dc)é(fgd)tis(ixfgw!hih) <v>\greheightstar</v>(;) Qui(j)a(ixih) vé(gh)ni(f)et(ixfg!hwiHGF) Dó(g)mi(ghf)nus.(f)  <sp>V/</sp>(::) Et(f) ma(g)ne(f) vi(f)dé(gh)bi(f)tis(f) (,) gló(g)ri(fe)am(dc) e(fgd)ius.(ixfgw!hih)  <sp>V/</sp>(::) Gló(f)ri(f)a(f) Pa(gh)tri(f) (,) et(g) Fí(fe)li(dc)o(c) (;) et(dc~) Spi(f)rí(ixghwi)tu(ih)i(gh) San(gf~)cto.(f) (::)",0,N-25/12,1V
In æternum Domine,In æternum Domine * Permanet verbum tuum. ℣ In sæculum sæculi veritas tua.,"Ps 118,89.90",6,f f g f g gh h g f gh gf g g f,CAO 6889; AR 28,"Antiphonae & Responsoria/Tomus III, p. 123","(c4)In(f) æ(f)tér(g)num,(f) Dó(g)mi(gh)ne,(h) <v>\greheightstar</v>(;) Pér(g)ma(f)net(gh) ver(gf~)bum(g) tu(g)um.(f)  <sp>V/</sp>(::) In(f) sǽ(f)cu(f)lum(f) sǽ(g)cu(f)li(f) (,) vé(f)ri(f)tas(f) tu(gh)a.(h)  <sp>V/</sp>(::) Gló(f)ri(f)a(f) Pa(gh)tri(h) et(h) Fí(ixhi)li(h)o(h) (,) et(h) Spi(h)rí(h)tu(g)i(h) San(gf~)cto.(f::)",0,1.3H3,V
In conspectu angelorum,In conspectu angelorum * Psallam tibi Deus meus. ℣ Et confitebor nomini tuo.,"Ps 137,1.2",6,f f g f f f gh hg f g h g f g g f,cf. CAO 6893; cf. AM 1060,"Antiphonae & Responsoria/Tomus V, p. 281","(c4)In(f) con(f)spé(g)ctu(f) an(f)ge(f)ló(gh)rum(hg) <v>\greheightstar</v>(;) Psal(f)lam(g) ti(h)bi,(g) De(f)us(g) me(g)us.(f)  <sp>V/</sp>(::) Et(h) con(h)fi(h)té(ixhi)bor(g) (,) nó(h)mi(g)ni(f) tu(gh)o.(hg)  <sp>V/</sp>(::) Gló(h)ri(h)a(h) Pa(ixhi)tri(h) et(g) Fí(gh)li(g)o(g) (,) et(g) Spi(g)rí(h)tu(g)i(gf) San(g)cto.(gh) (::)",0,2/10,L
In hoc cognoscent,In hoc cognoscent omnes * Quia mei estis discipuli. ℣ Si dilectionem habueritis ad invicem.,"Io 13,35",6,f f f g f gh hg f f f f gh g gf g f f,,,"(c4)In(f) hoc(f) co(f)gnó(g)scent(f) om(gh)nes,(hg) <v>\greheightstar</v>(;) Qui(f)a(f) me(f)i(f) e(gh)stis(g) di(gf)scí(g)pu(f)li.(f)  <sp>V/</sp>(::) Si(h) di(h)le(h)cti(h)ó(ixhi)nem(g) ha(g)bu(g)é(gh)ri(g)tis(g) (,) ad(f) ín(g)vi(gh)cem.(hg)  <sp>V/</sp>(::) Gló(h)ri(h)a(h) Pa(ixhi)tri(h) et(g) Fí(gh)li(g)o(g) (,) et(g) Spi(g)rí(h)tu(g)i(gf) San(g)cto.(gh) (::)",0,Ap,1V
In hoc cognoscent... all.,In hoc cognoscent omnes quia mei estis discipuli * Alleluia alleluia. ℣ Si dilectionem habueritis ad invicem.,,6,f f f f f g f f f f f f f e g g h h hg g f d fg g f,,,"(c4)In(f) hoc(f) co(f)gnó(f)scent(f) om(g)nes,(f) (,) qui(f)a(f) me(f)i(f) e(f)stis(f) di(e)scí(g)pu(g)li,(h) <v>\greheightstar</v>(;) Al(h)le(hg)lú(g>)ia(f) al(d)le(fg)lú(g>)ia.(f)  <sp>V/</sp>(::) Si(d) di(f)le(f)cti(f)ó(f)nem(f) ha(f)bu(f)é(g)ri(f)tis(f) (,) ad(e) ín(g)vi(g)cem.(h)  <sp>V/</sp>(::) Gló(f)ri(f)a(e) Pa(g)tri(h) et(h) Fí(ixhi)li(h)o(h) (,) et(h) Spi(h)rí(h)tu(g)i(h) San(gf~)cto.(f) (::)",0,Ap TP,1V
In hoc cognovi,In hoc cognovi * Quoniam voluisti me. ℣ Quia non gaudebit inimicus meus super me.,"Ps 40,12",6,f fe dc fgd ifghih j ii ih gh ifghihgf g ghf f,ARII 690,"Antiphonae & Responsoria/Tomus V, p. 285","(c4)In(f) hoc(fe) co(dc)gnó(fgd)vi(ixfgw!hih) <v>\greheightstar</v>(;) Quó(j)ni(ixi)am(ih) vo(gh)lu(ixfg!hwiHGF)í(g)sti(ghf) me.(f)  <sp>V/</sp>(::) Qui(f)a(f) non(g) gau(f)dé(gh)bit(f) (,) in(f)i(f)mí(g)cus(f) me(fe)us(dc) su(f)per(fgd) me.(ixfgw!hih)  <sp>V/</sp>(::) Gló(f)ri(f)a(f) Pa(gh)tri(f) (,) et(g) Fí(fe)li(dc)o(c) (;) et(dc~) Spi(f)rí(ixghwi)tu(ih)i(gh) San(gf~)cto.(f) (::)",0,8/12,2V
In manus tuas 1,In manus tuas Domine * Commendo spiritum meum. ℣ Redemisti nos Domine Deus veritatis.,"Ps 30,6",6,f f f fg g gf g gh g f gh g fd fg g f,AR 51,"Antiphonae & Responsoria/Tomus III, p. 133","(c4)In(f) ma(f)nus(f) tu(fg)as,(g) Dó(gf)mi(g)ne,(gh) <v>\greheightstar</v>(;) Com(g)mén(f)do(gh) spí(g)ri(fd)tum(fg) me(g)um.(f)  <sp>V/</sp>(::) Re(h)de(h)mí(ixhi)sti(h) nos,(g) Dó(gh)mi(g)ne(g) (,) De(h)us(g) ve(g)ri(gf)tá(g)tis.(gh)  <sp>V/</sp>(::) Gló(h)ri(h)a(h) Pa(ixhi)tri(h) et(g) Fí(gh)li(g)o(g) (,) et(g) Spi(g)rí(h)tu(g)i(gf) San(g)cto.(gh) (::)",0,H1,C
In manus tuas 2,,,E,e e e f fd e f g g e f dc d f f e,,"Antiphonae & Responsoria/Tomus III, p. 134","(c4)In(e) ma(e)nus(e) tu(f)as,(fd~) Dó(e)mi(f)ne,(g) <v>\greheightstar</v>(;) Com(g)mén(e)do(f) spí(dc~)ri(d)tum(f) me(f)um.(e)  <sp>V/</sp>(::) Re(c)de(de)mí(e)sti(e) nos,(e) Dó(ef)mi(e)ne(e) De(e)us(e) ve(f)ri(fd)tá(ef)tis.(g)  <sp>V/</sp>(::) Gló(e)ri(g)a(g) Pa(gh)tri(h) et(h) Fí(g)li(h)o(e) (,) et(e) Spi(e)rí(f)tu(fe)i(d) San(ef<)cto.(g) (::)",0,Adv,C
In manus tuas 3,,,4*,g g g g ge fe de e e e f d c df fgfe e,,"Antiphonae & Responsoria/Tomus III, p. 135","(c4)In(g) ma(g)nus(g) tu(g)as,(ge) Dó(fe)mi(de)ne,(e) <v>\greheightstar</v>(;) Com(e)mén(e)do(f) spí(d)ri(c)tum(df) me(fgFE)um.(e)  <sp>V/</sp>(::) Re(ixehiv)de(h)mí(g)sti(g) nos,(g) Dó(g)mi(gh)ne(g) De(g)us(g) ve(h)ri(gf)tá(de)tis.(efwgFE)  <sp>V/</sp>(::) Gló(e)ri(ixehiv)a(h) Pa(g)tri(g) et(g) Fí(gh)li(g)o(g) (,) et(g) Spi(g)rí(h)tu(gf)i(de) San(efwgFE~)cto.(e) (::)",0,Q,C
In manus tuas... all.,In manus tuas Domine commendo spiritum meum * Alleluia alleluia. ℣ Redemisti nos Domine Deus veritatis.,,6,f f f f f g f f f f f f f e g h h hg g f d fg g f,AR 52,"Antiphonae & Responsoria/Tomus III, p. 133","(c4)In(f) ma(f)nus(f) tu(f)as,(f) Dó(g)mi(f)ne,(f) (,) com(f)mén(f)do(f) spí(f)ri(f)tum(e) me(g)um,(h) <v>\greheightstar</v>(;) Al(h)le(hg)lú(g>)ia(f) al(d)le(fg)lú(g>)ia.(f)  <sp>V/</sp>(::) Re(d)de(f)mí(f)sti(f) nos,(f) Dó(g)mi(f)ne(f) (,) De(f)us(f) ve(f)ri(e)tá(g)tis.(h)  <sp>V/</sp>(::) Gló(f)ri(f)a(f) Pa(f)tri(f) et(f) Fí(g)li(f)o(f) (,) et(f) Spi(f)rí(f)tu(f)i(e) San(g)cto.(h::)",0,P,C
In matutinis Domine,In matutinis Domine * Meditabor in te. ℣ Quia factus es adiutor meus.,"Ps 62,7-8",6,f f f g f g gh hg f gh gf g g f,PM 201,"Antiphonae & Responsoria/Tomus III, p. 130","(c4)In(f) ma(f)tu(f)tí(g)nis,(f) Dó(g)mi(gh)ne,(hg) <v>\greheightstar</v>(;) Me(f)di(gh)tá(gf)bor(g) in(g) te.(f)  <sp>V/</sp>(::) Qui(f)a(f) fa(g)ctus(f) es(f) ad(f)iú(f)tor(f) me(gh)us.(hg)  <sp>V/</sp>(::) Gló(f)ri(f)a(f) Pa(gh)tri(h) et(h) Fí(ixhi)li(h)o(h) (,) et(h) Spi(h)rí(h)tu(g)i(h) San(gf~)cto.(f::)",0,2.4H5,L
In medio Ecclesiæ,In medio Ecclesiæ * Aperuit os eius. ℣ Et implevit eum Dominus spiritu sapientiæ et intellectus.,"Sir 15,5",6,f g f f f g gh hg fg h g f g g f,,"cf. Antiphonale Prataliense/Tomus II, p. 486","(c4)In(f) mé(g)di(f)o(f) Ec(f)clé(g)si(gh)æ(hg) <v>\greheightstar</v>(;) A(fg)pé(h)ru(g)it(f) os(g) e(g)ius.(f)  <sp>V/</sp>(::) Et(ixhi) im(h)plé(h)vit(h) e(h)um(h) Dó(gh)mi(g)nus(g) (,) spí(g)ri(g)tu(g) sa(g)pi(g)én(h)ti(g)æ(g) et(g) in(g)tel(f)lé(gh)ctus.(hg) (::) <sp>V/</sp>() Gló(h)ri(h)a(h) Pa(ixhi)tri(h) et(g) Fí(gh)li(g)o(g) (,) et(g) Spi(g)rí(h)tu(g)i(gf) San(g)cto.(gh) (::)",0,Doct,2V
In medio Ecclesiæ... all.,In medio Ecclesiæ aperuit os eius * Alleluia alleluia. ℣ Et implevit eum Dominus spiritu sapientiæ et intellectus.,,6,f f f f f g f f f f f f e g h h hg g f d fg g f,,Antiphonale Prataliense/Tomus II; p.486,"(c4)In(f) mé(f)di(f)o(f) Ec(f)clé(g)si(f)æ(f) (,) a(f)pe(f)ru(f)it(f) os(e) e(g)ius,(h) <v>\greheightstar</v>(;) Al(h)le(hg)lú(g>)ia(f) al(d)le(fg)lú(g>)ia.(f)  <sp>V/</sp>(::) Et(d) im(f)plé(f)vit(f) e(f)um(f) Dó(g)mi(f)nus(f) (,) spí(f)ri(f)tu(f) sa(f)pi(f)én(g)ti(f)æ(f) et(f) in(f)tel(e)lé(g)ctus.(h)  <sp>V/</sp>(::) Gló(f)ri(f)a(e) Pa(g)tri(h) et(h) Fí(ixhi)li(h)o(h) (,) et(h) Spi(h)rí(h)tu(g)i(h) San(gf~)cto.(f) (::)",0,Doct TP,2V
In misericordia,In misericordia tua Domine * Dona eis requiem. ℣ Qui venturus es iudicare vivos et mortuos.,,6,f f f f g f f f f g gh hg f gh gf g g f f,ARII 732,Calithes.it,"(c4)In(f) mi(f)se(f)ri(f)cór(g>)di(f)a(f) tu(f)a,(f) Dó(g)mi(gh)ne,(hg) <v>\greheightstar</v>(;) Do(f)na(gh) e(gf)is(g) ré(g)qui(f)em.(f)  <sp>V/</sp>(::) Qui(h) ven(h)tú(ixhi)rus(g) es(g) (,) iu(g)di(g)cá(h)re(g) vi(g)vos(g) et(f) mór(g)tu(gh)os.(hg)  <sp>V/</sp>(::) Gló(h)ri(h)a(h) Pa(ixhi)tri(h) et(g) Fí(gh)li(g)o(g) (,) et(g) Spi(g)rí(h)tu(g)i(gf) San(g)cto.(gh) (::)",0,Def Pl,V
In misericordia... all.,In misericordia tua Domine dona eis requiem * Alleluia alleluia. ℣ Qui venturus es iudicare vivos et mortuos.,,6,f f f f f f f f f g f f f f f e g g h h hg g f d fg g f,ARII 733,"Antiphonale Romanum II, p. 733","(c4)In(f) mi(f)se(f)ri(f)cór(f)di(f)a(f) tu(f)a,(f) Dó(g)mi(f)ne,(f) (,) do(f)na(f) e(f)is(e) ré(g)qui(g)em,(h) <v>\greheightstar</v>(;) Al(h)le(hg)lú(g>)ia(f) al(d)le(fg)lú(g>)ia.(f)  <sp>V/</sp>(::) Qui(d) ven(f)tú(f)rus(f) es(f) iu(f)di(f)cá(g)re(f) (,) vi(f)vos(f) et(e) mór(g)tu(g)os.(h)  <sp>V/</sp>(::) Gló(f)ri(f)a(e) Pa(g)tri(h) et(h) Fí(ixhi)li(h)o(h) (,) et(h) Spi(h)rí(h)tu(g)i(h) San(gf~)cto.(f) (::)",0,Def Pl TP,V
In nomine tuo,In nomine tuo Domine * Exsultabunt tota die. ℣ Et in iustitia tua exaltabuntur.,"Ps 88,17",6,f f f f g f g gh h g f gh g gf g g f,AV suppl. 132,,"(c4)In(f) nó(f)mi(f)ne(f) tu(g)o,(f) Dó(g)mi(gh)ne,(h) <v>\greheightstar</v>(;) Ex(g)sul(f)tá(gh)bunt(g) to(gf)ta(g) di(g)e.(f)  <sp>V/</sp>(::) Et(h) in(h) iu(h)stí(ixhi)ti(h)a(h) tu(gh)a(g) (,) e(g)xal(g)ta(f)bún(gh)tur.(hg)  <sp>V/</sp>(::) Gló(h)ri(h)a(h) Pa(ixhi)tri(h) et(g) Fí(gh)li(g)o(g) (,) et(g) Spi(g)rí(h)tu(g)i(gf) San(g)cto.(gh) (::)",0,Virg Pl,L
In nomine tuo,In nomine tuo Domine * Exsultabunt tota die. ℣ Et in iustitia tua exaltabuntur.,"Ps 88,17",6,f f f f g f g gh h g f gh g gf g g f,AV suppl. 132,,"(c4)In(f) nó(f)mi(f)ne(f) tu(g)o,(f) Dó(g)mi(gh)ne,(h) <v>\greheightstar</v>(;) Ex(g)sul(f)tá(gh)bunt(g) to(gf)ta(g) di(g)e.(f)  <sp>V/</sp>(::) Et(h) in(h) iu(h)stí(ixhi)ti(h)a(h) tu(gh)a(g) (,) e(g)xal(g)ta(f)bún(gh)tur.(hg)  <sp>V/</sp>(::) Gló(h)ri(h)a(h) Pa(ixhi)tri(h) et(g) Fí(gh)li(g)o(g) (,) et(g) Spi(g)rí(h)tu(g)i(gf) San(g)cto.(gh) (::)",0,Mul Pl,L
In nomine tuo... all.,In nomine tuo Domine exsultabunt tota die * Alleluia alleluia. ℣ Et in iustitia tua exaltabuntur.,,6,f f f f f f g f f f f f f f e g h h hg g f d fg g f,,,"(c4)In(f) nó(f)mi(f)ne(f) tu(f)o,(f) Dó(g)mi(f)ne,(f) (,) ex(f)sul(f)ta(f)bunt(f) to(f)ta(e) di(g)e,(h) <v>\greheightstar</v>(;) Al(h)le(hg)lú(g>)ia(f) al(d)le(fg)lú(g>)ia.(f)  <sp>V/</sp>(::) Et(d) in(f) iu(f)stí(f)ti(f)a(f) tu(g)a(f) (,) e(f)xal(f)ta(e)bún(g)tur.(h)  <sp>V/</sp>(::) Gló(f)ri(f)a(e) Pa(g)tri(h) et(h) Fí(ixhi)li(h)o(h) (,) et(h) Spi(h)rí(h)tu(g)i(h) San(gf~)cto.(f) (::)",0,Virg Pl TP Mul Pl TP,L
In te Domine,In te Domine speravi: * Non confundar in æternum. ℣ Exsultabo et lætabor in misericordia tua.,"Ps 70,1; Ps 30,8",6,f f g f f f gh hg f g h g f g g f,cf. CAO 6939; ARII 731,Calithes.it,"(c4)In(f) te,(f) Dó(g)mi(f)ne,(f) spe(f)rá(gh)vi:(hg) <v>\greheightstar</v>(;) Non(f) con(g)fún(h>)dar(g) in(f) æ(g)tér(g)num.(f)  <sp>V/</sp>(::) Ex(h)sul(h)tá(ixhi)bo(h) et(h) læ(g)tá(gh)bor(g) (,) in(g) mi(g)se(g)ri(g)cór(h>)di(g)a(f) tu(gh)a.(hg)  <sp>V/</sp>(::) Gló(h)ri(h)a(h) Pa(ixhi)tri(h) et(g) Fí(gh)li(g)o(g) (,) et(g) Spi(g)rí(h)tu(g)i(gf) San(g)cto.(gh) (::)",0,Def,V
In te Domine... all.,In te Domine speravi: non confundar in æternum * Alleluia alleluia. ℣ Exsultabo et lætabor in misericordia tua.,,6,f f f f f f g f f f f f f e g h h hg g f d fg g f,ARII 732,"Antiphonale Monasticum, p. 732","(c4)In(f) te,(f) Dó(f)mi(f)ne,(f) spe(f)rá(g)vi:(f) (,) non(f) con(f)fun(f)dar(f) in(f) æ(e)tér(g)num,(h) <v>\greheightstar</v>(;) Al(h)le(hg)lú(g>)ia(f) al(d)le(fg)lú(g>)ia.(f)  <sp>V/</sp>(::) Ex(d)sul(f)tá(f)bo(f) et(f) læ(f)tá(g)bor(f) (,) in(f) mi(f)se(f)ri(f)cór(f)di(f)a(e) tu(g)a.(h)  <sp>V/</sp>(::) Gló(f)ri(f)a(e) Pa(g)tri(h) et(h) Fí(ixhi)li(h)o(h) (,) et(h) Spi(h)rí(h)tu(g)i(h) San(gf~)cto.(f) (::)",0,Def TP,V
Inclina cor meum,Inclina cor meum Deus * In testimonia tua. ℣ In via tua vivifica me.,"Ps 118,36-37",6,f f f f g f gh h g f gh g f g g f,cf. CAO 6946; PM 170,"Antiphonae & Responsoria/Tomus III, p. 124","(c4)In(f)clí(f)na(f) cor(f) me(g)um,(f) De(gh)us,(h) <v>\greheightstar</v>(:) In(g) te(f)sti(gh)mó(g)ni(f)a(g) tu(g)a.(f)  <sp>V/</sp>(::) In(f) vi(f)a(f) tu(g)a(f) vi(f)ví(f)fi(f)ca(gh) me.(h)  <sp>V/</sp>(::) Gló(f)ri(f)a(f) Pa(gh)tri(h) et(h) Fí(ixhi)li(h)o(h) (,) et(h) Spi(h)rí(h)tu(g)i(h) San(gf~)cto.(f::)",0,1.3H4,L
Ipse liberabit me,Ipse liberabit me * De laqueo venantium. ℣ Et a verbo aspero.,"Ps 90,3",4,g g g e fe de e e e f dc df fgfe de e,cf. CAO 8107; AM 338,"Antiphonae & Responsoria/Tomus II, p. 6","(c4)I(g)pse(g) li(g)be(e)rá(fe)bit(de) me(e) <v>\greheightstar</v>(;) De(e) lá(e)que(f)o(dc) ve(df)nán(fgFE)ti(de)um.(e)  <sp>V/</sp>(::) Et(ixeh/ih) a(g) ver(gf)bo(de) á(efwgFE)spe(de)ro.(e)  <sp>V/</sp>(::) Gló(ixehiv)ri(h)a(g) Pa(g)tri(g) et(g) Fí(gh)li(g)o(g) (,) et(g) Spi(g)rí(h)tu(gf)i(de) San(efwgFE~)cto.(e) (::)",0,0-5Q2-7,L
Iusti autem,Iusti autem * In perpetuum vivent. ℣ Et apud Dominum est merces eorum.,"Sap 5,16",6,f f gh hg f gh gf f g g f,CAO 7053; AR [35],"cf. Antiphonale Prataliense/Tomus II, p. 416","(c4)Iu(f)sti(f) au(gh)tem(hg) <v>\greheightstar</v>(;) In(f) per(gh>)pé(gf)tu(f)um(g) vi(g)vent.(f)  <sp>V/</sp>(::) Et(ixhi) a(h)pud(h) Dó(gh)mi(g)num(g) (,) est(g) mer(g)ces(g) e(f)ó(gh)rum.(hg)  <sp>V/</sp>(::) Gló(h)ri(h)a(h) Pa(ixhi)tri(h) et(g) Fí(gh)li(g)o(g) (,) et(g) Spi(g)rí(h)tu(g)i(gf) (z) San(g)cto.(gh) (::)",0,PlM,L
Iustorum animæ,Iustorum animæ * In manu Dei sunt. ℣ Et non tanget illos tormentum mortis.,"Sap 3,1",6,f g f g gh hg fh gf g g f f,CAO 7055,,"(c4)Iu(f)stó(g)rum(f) á(g)ni(gh)mæ(hg) <v>\greheightstar</v>(;) In(fh) ma(gf)nu(g) De(g)i(f) sunt.(f)  <sp>V/</sp>(::) Et(ixhi) non(h) tan(h)get(h) il(gh)los(g) (,) tor(g)mén(g)tum(f) mor(gh)tis.(hg)  <sp>V/</sp>(::) Gló(h)ri(h)a(h) Pa(ixhi)tri(h) et(g) Fí(gh)li(g)o(g) (,) et(g) Spi(g)rí(h)tu(g)i(gf) San(g)cto.(gh) (::)",0,PlM,1V
Iustus Dominus,Iustus Dominus * Et iustitiam dilexit. ℣ Æquitatem vidit vultus eius.,"Ps 10,8",6,f f g gh hg f gh g f f g g f,,,"(c4)Iu(f)stus(f) Dó(g)mi(gh)nus,(hg) <v>\greheightstar</v>(;) Et(f) iu(gh)stí(g)ti(f)am(f) di(g)lé(g)xit.(f)  <sp>V/</sp>(::) Æ(h)qui(h)tá(ixhi)tem(g) vi(g)dit(g) vul(g)tus(f) e(gh)ius.(hg)  <sp>V/</sp>(::) Gló(h)ri(h)a(h) Pa(ixhi)tri(h) et(g) Fí(gh)li(g)o(g) (,) et(g) Spi(g)rí(h)tu(g)i(gf) (z) San(g)cto.(gh) (::)",0,Vir,2V
Iustus Dominus... all.,Iustus Dominus et iustitiam dilexit * Alleluia alleluia. ℣ Æquitatem vidit vultus eius.,,6,f f g f f f f f f f e g h h hg g f d fg g f,,,"(c4)Iu(f)stus(f) Dó(g)mi(f)nus,(f) (,) et(f) iu(f)stí(f)ti(f)am(f) di(e)lé(g)xit(h)  , *(;) Al(h)le(hg)lú(g>)ia(f) al(d)le(fg)lú(g>)ia.(f)  <sp>V/</sp>(::) Æ(d)qui(f)tá(f)tem(f) vi(f)dit(f) vul(f)tus(e) e(g)ius.(h)  <sp>V/</sp>(::) Gló(f)ri(f)a(e) Pa(g)tri(h) et(h) Fí(ixhi)li(h)o(h) (,) et(h) Spi(h)rí(h)tu(g)i(h) San(gf~)cto.(f) (::)",0,Vir TP,2V
Iustus germinabit,Iustus germinabit * Sicut lilium. ℣ Et florebit in æternum ante Dominum.,"<sp>R/</sp>: Os 14,6",6,f f fe dc fgd ifghih gh ifghihgf g ghf f,ARII 528,"Antiphonae & Responsoria/Tomus V, p. 261","(c4)Iu(f)stus(f) ger(fe)mi(dc)ná(fgd)bit(ixfgw!hih) <v>\greheightstar</v>(;) Si(gh)cut(ixfg!hwiHGF) lí(g)li(ghf)um.(f)  <sp>V/</sp>(::) Et(f) flo(f)ré(g)bit(f) in(f) æ(f)tér(gh)num(f) (,) an(fe)te(dc) Dó(f)mi(fgd)num.(ixfgw!hih)  <sp>V/</sp>(::) Gló(f)ri(f)a(f) Pa(gh)tri(f) (,) et(g) Fí(fe)li(dc)o(c) (;) et(dc~) Spi(f)rí(ixghwi)tu(ih)i(gh) San(gf~)cto.(f) (::)",0,19/3,V
Iustus germinabit... all. soll.,Iustus germinabit sicut lilium * Alleluia alleluia. ℣ Et florebit in æternum ante Dominum.,,6,f f g f gh f fe dc f fgd ifghih,AR 584,"Antiphonae & Responsoria/Tomus V, p. 262","(c4)Iu(f)stus(f) ger(g)mi(f)ná(gh)bit(f) si(fe)cut(dc) lí(f)li(fgd)um(ixfgw!hih)  , *(::) Al(ixi>)le(ivHG)lú(gh)ia(f) (,) al(dc~)le(ixfg!hwiHGF)lú(ghf~)ia.(f)  <sp>V/</sp>(::) Et(f) flo(f)ré(g)bit(f) in(f) æ(f)tér(gh)num(f) an(fe)te(dc) Dó(f)mi(fgd)num.(ixfgw!hih)  <sp>V/</sp>(::) Gló(f)ri(f)a(f) Pa(g)tri(f) (,) et(f) Fí(gh)li(f)o(f) (;) et(f) Spi(f)rí(g)tu(fe)i(dc) San(fgd)cto.(ixfgw!hih) (::)",0,19/3 TP,V
Iustus germinabit... all. simpl.,Iustus germinabit sicut lilium * Alleluia alleluia. ℣ Et florebit in æternum ante Dominum.,,6,f f f f g f f e g g h h hg g f d fg g f,AR 584,"Antiphonae & Responsoria/Tomus V, p. 269","(c4)Iu(f)stus(f) ger(f)mi(f)ná(g)bit(f) (,) si(f)cut(e) lí(g)li(g)um(h)  , *(;) Al(h)le(hg)lú(g>)ia(f) al(d)le(fg)lú(g>)ia.(f)  <sp>V/</sp>(::) Et(d) flo(f)ré(f)bit(f) in(f) æ(f)tér(g)num(f) (,) an(f)te(e) Dó(g)mi(g)num.(h)  <sp>V/</sp>(::) Gló(f)ri(f)a(e) Pa(g)tri(h) et(h) Fí(ixhi)li(h)o(h) (,) et(h) Spi(h)rí(h)tu(g)i(h) San(gf~)cto.(f) (::)",0,1/5,V
Lætamini simpl.,Lætamini in Domino * Et exsultate iusti. ℣ Et gloriamini omnes recti corde.,"Ps 31,11",6,f g f f f g gh h g f gh gf g g f,CAO 7065; AM 649,"Antiphonale Monasticum, p. 649","(c4)Læ(f)tá(g)mi(f)ni(f) in(f) Dó(g)mi(gh)no,(h) <v>\greheightstar</v>(;) Et(g) ex(f)sul(gh)tá(gf)te,(g) iu(g)sti.(f)  <sp>V/</sp>(::) Et(h) glo(h)ri(h)á(ixhi)mi(g)ni,(g) (,) om(h)nes(g) re(g)cti(f) cor(gh)de.(hg)  <sp>V/</sp>(::) Gló(h)ri(h)a(h) Pa(ixhi)tri(h) et(g) Fí(gh)li(g)o(g) (,) et(g) Spi(g)rí(h)tu(g)i(gf) San(g)cto.(gh) (::)",0,PlM,2V
Lætamini soll.,Lætamini in Domino * Et exsultate iusti. ℣ Et gloriamini omnes recti corde.,"Ps 31,11",6,f g f f f g gh h g f gh gf g g f,CAO 7065; AM 1104,"Antiphonale Monasticum, p. 1104","(c4)Læ(f)tá(g)mi(f)ni(f) in(f) Dó(g)mi(gh)no,(h) <v>\greheightstar</v>(;) Et(g) ex(f)sul(gh)tá(gf)te,(g) iu(g)sti.(f)  <sp>V/</sp>(::) Et(h) gló(h)ri(h)a(ixhi)mi(g)ni,(g) (,) om(h)nes(g) re(g)cti(f) cor(gh)de.(hg)  <sp>V/</sp>(::) Gló(h)ri(h)a(h) Pa(ixhi)tri(h) et(g) Fí(gh)li(g)o(g) (,) et(g) Spi(g)rí(h)tu(g)i(gf) San(g)cto.(gh) (::)",0,1/11,L
Lætitia sempiterna... all.,Lætitia sempiterna super capita eorum * Alleluia alleluia. ℣ Gaudium et lætitiam obtinebunt.,Is 35 10,6,f f f f f f g f f f f f f e g h h hg g f d fg g f,cf AR [27],,"(c4)Læ(f)tí(f)ti(f)a(f) sem(f)pi(f)tér(g)na(f) (,) su(f)per(f) cá(f)pi(f)ta(f) e(e)ó(g)rum,(h) <v>\greheightstar</v>(;) Al(h)le(hg)lú(g>)ia(f) al(d)le(fg)lú(g>)ia.(f)  <sp>V/</sp>(::) Gáu(d)di(f)um(f) et(f) læ(f)tí(g)ti(f)am(f) ob(f)ti(e)né(g)bunt.(h)  <sp>V/</sp>(::) Gló(f)ri(f)a(e) Pa(g)tri(h) et(h) Fí(ixhi)li(h)o(h) (,) et(h) Spi(h)rí(h)tu(g)i(h) San(gf~)cto.(f) (::)",0,PlM TP UnM TP,L
Laudamini,Laudamini * In nomine sancto eius. ℣ Lætetur cor quærentium Dominum.,"Ps 104,3",6,g f gh h g f g h gf g g f,AV suppl. 140,,"(c4)Lau(g)dá(f)mi(gh)ni(h) <v>\greheightstar</v>(;) In(g) nó(f)mi(g)ne(h) san(gf)cto(g) e(g)ius.(f)  <sp>V/</sp>(::) Læ(h)té(ixhi)tur(h) cor(h) (,) quæ(g)rén(g)ti(g)um(f) Dó(g)mi(gh)num.(hg)  <sp>V/</sp>(::) Gló(h)ri(h)a(h) Pa(ixhi)tri(h) et(g) Fí(gh)li(g)o(g) (,) et(g) Spi(g)rí(h)tu(g)i(gf) San(g)cto.(gh) (::)",0,Mul Pl,2V
Laudamini... all.,Laudamini in nomine sancto eius * Alleluia alleluia. ℣ Lætetur cor quærentium Dominum.,,6,f g f f f f f f f e g h h hg g f d fg g f,AV suppl. 141,,"(c4)Lau(f)dá(g)mi(f)ni(f) (,) in(f) nó(f)mi(f)ne(f) san(f)cto(e) e(g)ius,(h) <v>\greheightstar</v>(;) Al(h)le(hg)lú(g>)ia(f) al(d)le(fg)lú(g>)ia.(f)  <sp>V/</sp>(::) Læ(d)té(f)tur(f) cor(g) (,) quæ(f)rén(f)ti(f)um(e) Dó(g)mi(g)num.(h)  <sp>V/</sp>(::) Gló(f)ri(f)a(e) Pa(g)tri(h) et(h) Fí(ixhi)li(h)o(h) (,) et(h) Spi(h)rí(h)tu(g)i(h) San(gf~)cto.(f) (::)",0,Mul Pl TP,2V
Lex Dei eius,Lex Dei eius * In corde ipsius. ℣ Et non supplantabuntur gressus eius.,"Ps 36,31",6,f g f gh hg f gh gf g g f,AR [55],,"(c4)Lex(f) De(g)i(f) e(gh)ius(hg) <v>\greheightstar</v>(;) In(f) cor(gh)de(gf) i(g)psí(g)us.(f)  <sp>V/</sp>(::) Et(ixhi) non(h) sup(h)plan(h)ta(h)bún(gh)tur(g) (,) gres(g)sus(f) e(gh)ius.(hg)  <sp>V/</sp>(::) Gló(h)ri(h)a(h) Pa(ixhi)tri(h) et(g) Fí(gh)li(g)o(g) (,) et(g) Spi(g)rí(h)tu(g)i(gf) San(g)cto.(gh) (::)",0,Vir,L
Lex Dei eius... all.,Lex Dei eius in corde ipsius * Alleluia alleluia. ℣ Et non supplantabuntur gressus eius.,,6,f f f g f f f f e g h h hg g f d fg g f,,,"(c4)Lex(f) De(f)i(f) e(g)ius(f) (,) in(f) cor(f)de(f) i(e)psí(g)us,(h) <v>\greheightstar</v>(;) Al(h)le(hg)lú(g>)ia(f) al(d)le(fg)lú(g>)ia.(f)  <sp>V/</sp>(::) Et(d) non(f) sup(f)plan(f)ta(f)bún(g)tur(f) (,) gres(f)sus(e) e(g)ius.(h)  <sp>V/</sp>(::) Gló(f)ri(f)a(e) Pa(g)tri(h) et(h) Fí(ixhi)li(h)o(h) (,) et(h) Spi(h)rí(h)tu(g)i(h) San(gf~)cto.(f) (::)",0,Vir TP,L
Loquebantur,Loquebantur apostoli verbum Dei * Cum fiducia. ℣ Et reddebant testimonium resurrectionis Iesu Christi.,"Act 4,31.33",6,f f g f f gh f f fe dc fgd ifghih gh ifghihgf g ghf f,ARII 584,"Antiphonae & Responsoria/Tomus V, p. 271","(c4)Lo(f)que(f)bán(g)tur(f) a(f)pó(gh)sto(f)li(f) (,) ver(fe)bum(dc) De(fgd)i(ixfgw!hih) <v>\greheightstar</v>(;) Cum(gh) fi(ixfg!hwiHGF)dú(g)ci(ghf)a.(f)  <sp>V/</sp>(::) Et(f) red(f)dé(gh)bant(f) te(f)sti(f)mó(g)ni(f)um(f) (,) re(f)sur(f)re(f)cti(f)ó(f)nis(f) Ie(fe)su(dc) Chri(fgd)sti.(ixfgw!hih)  <sp>V/</sp>(::) Gló(f)ri(f)a(f) Pa(gh)tri(f) (,) et(g) Fí(fe)li(dc)o(c) (;) et(dc~) Spi(f)rí(ixghwi)tu(ih)i(gh) San(gf~)cto.(f) (::)",0,29/6,V
Magnificentia,Magnificentia et pulchritudo in conspectu eius * Alleluia alleluia. ℣ Decor et potentia in sanctuario eius.,"<sp>R/</sp>: Ps 95,6",6,f f f f f f f f f g f f f f e g h h hg g f d fg g f,ARII 611,"Antiphonae & Responsoria/Tomus V, p. 275","(c4)Ma(f)gni(f)fi(f)cén(f)ti(f)a(f) et(f) pul(f)chri(f)tú(g)do(f) (,) in(f) con(f)spé(f)ctu(e) e(g)ius,(h) <v>\greheightstar</v>(;) Al(h)le(hg)lú(g>)ia(f) al(d)le(fg)lú(g>)ia.(f)  <sp>V/</sp>(::) De(d)cor(f) et(f) po(f)tén(g)ti(f)a(f) (,) in(f) san(f)ctu(f)á(f)ri(f)o(e) e(g)ius.(h)  <sp>V/</sp>(::) Gló(f)ri(f)a(e) Pa(g)tri(h) et(h) Fí(ixhi)li(h)o(h) (,) et(h) Spi(h)rí(h)tu(g)i(h) San(gf~)cto.(f) (::)",0,6/8,2V
Magnus Dominus et,Magnus Dominus * Et laudabilis nimis. ℣ In civitate Dei nostri in monte sancto eius.,"Ps 47,2",6,f f g gh h g f gh gf g g f,,,"(c4)Ma(f)gnus(f) Dó(g)mi(gh)nus(h) <v>\greheightstar</v>(;) Et(g) lau(f)dá(gh)bi(gf)lis(g) ni(g)mis.(f)  <sp>V/</sp>(::) In(ixhi) ci(h)vi(h)tá(h)te(h) De(h)i(h) no(gh)stri,(g) (,) in(g) mon(g)te(g) san(g)cto(f) e(gh)ius.(hg)  <sp>V/</sp>(::) Gló(h)ri(h)a(h) Pa(ixhi)tri(h) et(g) Fí(gh)li(g)o(g) (,) et(g) Spi(g)rí(h)tu(g)i(gf) San(g)cto.(gh) (::)",0,Ded,L
Magnus Dominus et... all.,Magnus Dominus et laudabilis nimis * Alleluia alleluia. ℣ In civitate Dei nostri in monte sancto eius.,,6,f f g f f f f f f e g h h hg g f d fg g f,,,"(c4)Ma(f)gnus(f) Dó(g)mi(f)nus(f) (,) et(f) lau(f)dá(f)bi(f)lis(e) ni(g)mis,(h) <v>\greheightstar</v>(;) Al(h)le(hg)lú(g>)ia(f) al(d)le(fg)lú(g>)ia.(f)  <sp>V/</sp>(::) In(d) ci(f)vi(f)tá(f)te(f) De(f)i(f) no(g)stri,(f) (,) in(f) mon(f)te(f) san(f)cto(e) e(g)ius.(h)  <sp>V/</sp>(::) Gló(f)ri(f)a(e) Pa(g)tri(h) et(h) Fí(ixhi)li(h)o(h) (,) et(h) Spi(h)rí(h)tu(g)i(h) San(gf~)cto.(f) (::)",0,Ded TP,L
Magnus Dominus noster,Magnus Dominus noster * Et magna virtus eius. ℣ Et sapientiæ eius non est numerus.,"Ps 146,5",6,f f fg g gf g gh g f gh gfd fg g f,CAO 7118; ARII 471,"Antiphonae & Responsoria/Tomus III, p. 127","(c4)Ma(f)gnus(f) Dó(fg)mi(g)nus(gf) no(g)ster,(gh) <v>\greheightstar</v>(;) Et(g) ma(f)gna(gh) vir(gvFD)tus(fg) e(g)ius.(f)  <sp>V/</sp>(::) Et(h) sa(h)pi(h)én(ixhi)ti(h)æ(g) e(gh)ius(g) (,) non(g) est(g) nú(gf)me(g)rus.(gh)  <sp>V/</sp>(::) Gló(h)ri(h)a(h) Pa(ixhi)tri(h) et(g) Fí(gh)li(g)o(g) (,) et(g) Spi(g)rí(h)tu(g)i(gf) San(g)cto.(gh) (::)",0,2.4H1,2V
Magnus erit,Magnus erit coram Domino * Et Spiritu Sancto replebitur. ℣ Ipse præibit ante Dominum parare illi plebem perfectam.,"Lc 1,15.17",6,f f g f f f g gh h g f g h g fd f g f f,,,"(c4)Ma(f)gnus(f) e(g)rit(f) co(f)ram(f) Dó(g)mi(gh)no,(h) <v>\greheightstar</v>(;) Et(g) Spí(f)ri(g)tu(h) San(g)cto(fd) re(f)plé(g)bi(f)tur.(f)  <sp>V/</sp>(::) I(ixhi)pse(h) præ(h)í(h)bit(h) an(h)te(h) Dó(gh)mi(g)num(g) (,) pa(g)rá(g)re(g) il(g)li(g) ple(g)bem(g) per(f)fé(gh)ctam.(hg)  <sp>V/</sp>(::) Gló(h)ri(h)a(h) Pa(ixhi)tri(h) et(g) Fí(gh)li(g)o(g) (,) et(g) Spi(g)rí(h)tu(g)i(gf) San(g)cto.(gh) (::)",0,24/6,L
Maria noli iam flere,Maria noli iam flere * Surrexit Dominus a mortuis. ℣ Vade ad fratres meos et dic eis:,"<sp>V/</sp>: Io 20,17",6,f g f f f f gh h g f gh g f f g g f f,cf. CAO 7220,"Antiphonae & Responsoria/Tomus V, p. 272","(c4)Ma(f)rí(g)a,(f) no(f)li(f) iam(f) flé(gh)re,(h) <v>\greheightstar</v>(;) Sur(g)ré(f)xit(gh) Dó(g)mi(f)nus(f) a(g) mór(g)tu(f)is.(f)  <sp>V/</sp>(::) Va(h)de(h) ad(h) fra(h)tres(h) me(ixhi)os,(g) (,) et(g) dic(f) e(gh)is:(hg)  <sp>V/</sp>(::) Gló(h)ri(h)a(h) Pa(ixhi)tri(h) et(g) Fí(gh)li(g)o(g) (,) et(g) Spi(g)rí(h)tu(g)i(gf) San(g)cto.(gh) (::)",0,22/7,LV
Maria Virgo exaltata,Maria Virgo exaltata est * Super choros angelorum. ℣ Benedictus Dominus qui exaltavit eam.,,6,f g f gh f fe dc f fgd ifghih h ii j iih gh ifghihgf ghf f,ARII 634,"Antiphonae & Responsoria/Tomus V, p. 276","(c4)Ma(f)rí(g)a(f) Vir(gh)go(f) ex(fe)al(dc)tá(f)ta(fgd) est(ixfgw!hih) <v>\greheightstar</v>(;) Su(h)per(ixi) cho(j)ros(ixih) an(gh)ge(ixfg!hwiHGF)ló(ghf)rum.(f)  <sp>V/</sp>(::) Be(f)ne(f)dí(g)ctus(f) Dó(gh)mi(f)nus,(f) (,) qui(f) ex(f)al(f)tá(fe)vit(dc) e(fgd)am.(ixfgw!hih)  <sp>V/</sp>(::) Gló(f)ri(f)a(f) Pa(gh)tri(f) (,) et(g) Fí(fe)li(dc)o(c) (;) et(dc~) Spi(f)rí(ixghwi)tu(ih)i(gh) San(gf~)cto.(f) (::)",0,15/8,2V
Mortuus est Christus,Mortuus est Christus pro peccatis nostris * Ut nos offerret Deo. ℣ Mortificatus quidem carne vivificatus autem Spiritu.,"1 Petr 3,18",6,f f f f g f f f f f gh h g f gh gf g g f,cf. PM 344,"Antiphonae & Responsoria/Tomus III, p. 132","(c4)Mór(f)tu(f)us(f) est(f) Chri(g)stus(f) (,) pro(f) pec(f)cá(f)tis(f) no(gh)stris,(h) <v>\greheightstar</v>(;) Ut(g) nos(f) of(gh)fér(gf)ret(g) De(g)o.(f)  <sp>V/</sp>(::) Mor(f)ti(f)fi(f)cá(f)tus(f) qui(f)dem(f) car(g)ne,(f) (,) vi(f)vi(f)fi(f)cá(f)tus(f) au(f)tem(f) Spí(g)ri(gh)tu.(h)  <sp>V/</sp>(::) Gló(f)ri(f)a(f) Pa(gh)tri(h) et(h) Fí(ixhi)li(h)o(h) (,) et(h) Spi(h)rí(h)tu(g)i(h) San(gf~)cto.(f::)",0,2.4H6,V
Narraverunt laudes,Narraverunt laudes Domini * Et virtutes eius. ℣ Et mirabilia eius quæ fecit.,"Ps 77,4",6,f f g f f f g gh hg f gh gf g g f,,"Antiphonae & Responsoria/Tomus V, p. 282","(c4)Nar(f)ra(f)vé(g)runt(f) lau(f)des(f) Dó(g)mi(gh)ni(hg) <v>\greheightstar</v>(;) Et(f) vir(gh)tú(gf)tes(g) e(g)ius.(f)  <sp>V/</sp>(::) Et(h) mi(h)ra(h)bí(ixhi)li(h)a(g) e(gh)ius,(g) quæ(f) fe(gh)cit.(hg)  <sp>V/</sp>(::) Gló(h)ri(h)a(h) Pa(ixhi)tri(h) et(g) Fí(gh)li(g)o(g) (,) et(g) Spi(g)rí(h)tu(g)i(gf) San(g)cto.(gh) (::)",0,18/10 11/6,L
Narraverunt laudes... all.,Narraverunt laudes Domini et virtutes eius Alleluia alleluia. ℣ Et mirabilia eius quæ fecit.,"Ps 77,4",6,f f f f f f g f f f f f e g h h hg g f d fg g f,,"Antiphonae & Responsoria/Tomus V, p. 267","(c4)Nar(f)ra(f)vé(f)runt(f) lau(f)des(f) Dó(g)mi(f)ni(f) (,) et(f) vir(f)tú(f)tes(e) e(g)ius,(h) (;) Al(h)le(hg)lú(g>)ia(f) al(d)le(fg)lú(g>)ia.(f)  <sp>V/</sp>(::) Et(d) mi(f)ra(f)bí(f)li(f)a(f) e(g)ius,(f) quæ(e) fe(g)cit.(h)  <sp>V/</sp>(::) Gló(f)ri(f)a(e) Pa(g)tri(h) et(h) Fí(ixhi)li(h)o(h) (,) et(h) Spi(h)rí(h)tu(g)i(h) San(gf~)cto.(f) (::)",0,25/4 11/6,L
Notum fecit,Notum fecit Dominus * Salutare suum. ℣ Quod paravit ante faciem omnium populorum.,"Ps 97,2; Lc 2,31",6,f f g f g gh hg f gh gf g g f,cf. CAO 7242; AR1I 508,"Antiphonae & Responsoria/Tomus V, p. 261","(c4)No(f)tum(f) fe(g)cit(f) Dó(g)mi(gh)nus(hg) <v>\greheightstar</v>(;) Sa(f)lu(gh)tá(gf)re(g) su(g)um.(f)  <sp>V/</sp>(::) Quod(h) pa(h)rá(ixhi)vit(g) (,) an(g)te(g) fá(h)ci(g)em(g) óm(g)ni(g)um(g) po(g)pu(f)ló(gh)rum.(hg)  <sp>V/</sp>(::) Gló(h)ri(h)a(h) Pa(ixhi)tri(h) et(g) Fí(gh)li(g)o(g) (,) et(g) Spi(g)rí(h)tu(g)i(gf) San(g)cto.(gh) (::)",0,2/2,V
Notum fecit... all.,Notum fecit Dominus * Alleluia alleluia. ℣ Salutare suum.,"Ps 97,2",6,f f f e g g h h hg g f d fg g f,CAO 7241; AM 273,"Antiphonae & Responsoria/Tomus I, p. 77","(c4)No(f)tum(f) fe(f)cit(e) Dó(g)mi(g)nus,(h) <v>\greheightstar</v>(;) Al(h)le(hg)lú(g>)ia(f) al(d)le(fg)lú(g>)ia.(f)  <sp>V/</sp>(::) Sa(f)lu(f)tá(f)re(e) su(g)um.(h)  <sp>V/</sp>(::) Gló(f)ri(f)a(e) Pa(g)tri(h) et(h) Fí(ixhi)li(h)o(h) (,) et(h) Spi(h)rí(h)tu(g)i(h) San(g>)cto.(f) (::)",0,N,L
O crux gloriosa,O Crux gloriosa * In te triumphavit rex angelorum. ℣ Et cruore suo vulnera nostra lavit.,"<sp>V/</sp>: S. Ven. Fortunatus, Lib. II, Hymnus I «De cruce Dómini», 2",6,f g f f gh h g g f g h g fd f g g f,cf. CAO 6350; ARII 651,"Antiphonae & Responsoria/Tomus V, p. 279","(c4)O(f) Crux(g) glo(f)ri(f)ó(gh)sa,(h) <v>\greheightstar</v>(;) In(g) te(g) tri(f)um(g)phá(h)vit(g) rex(fd) an(f)ge(g)ló(g)rum.(f)  <sp>V/</sp>(::) Et(h) cru(h)ó(h)re(h) su(ixhi)o(g) (,) vúl(g)ne(g)ra(g) no(g)stra(f) la(gh)vit.(hg)  <sp>V/</sp>(::) Gló(h)ri(h)a(h) Pa(ixhi)tri(h) et(g) Fí(gh)li(g)o(g) (,) et(g) Spi(g)rí(h)tu(g)i(gf) San(g)cto.(gh) (::)",0,14/9,2V
Oculi Domini,Oculi Domini * Super metuentes eum. ℣ Et in eis qui sperant super misericordia eius.,"Ps 32,18",6,f f f g gh h g f g h gf g g f,AV suppl. 124,,"(c4)O(f)cu(f)li(f) Dó(g)mi(gh)ni(h) <v>\greheightstar</v>(;) Su(g)per(f) me(g)tu(h)én(gf)tes(g) e(g)um.(f)  <sp>V/</sp>(::) Et(ixhi) in(h) e(h)is,(h) qui(h) spe(gh)rant(g) (,) su(g)per(g) mi(g)se(g)ri(g)cór(g)di(g)a(f) e(gh)ius.(hg)  <sp>V/</sp>(::) Gló(h)ri(h)a(h) Pa(ixhi)tri(h) et(g) Fí(gh)li(g)o(g) (,) et(g) Spi(g)rí(h)tu(g)i(gf) San(g)cto.(gh) (::)",0,Vir Pl,2V
Oculi Domini... all.,Oculi Domini super metuentes eum * Alleluia alleluia. ℣ Et in eis qui sperant super misericordia eius.,"Ps 32,18",6,f f f g f f f f f f f e g h h hg g f d fg g f,AV suppl. 125,,"(c4)O(f)cu(f)li(f) Dó(g)mi(f)ni(f) (,) su(f)per(f) me(f)tu(f)én(f)tes(e) e(g)um,(h) <v>\greheightstar</v>(;) Al(h)le(hg)lú(g>)ia(f) al(d)le(fg)lú(g>)ia.(f)  <sp>V/</sp>(::) Et(d) in(f) e(f)is,(f) qui(f) spe(g)rant(f) (,) su(f)per(f) mi(f)se(f)ri(f)cór(f)di(f)a(e) e(g)ius.(h)  <sp>V/</sp>(::) Gló(f)ri(f)a(e) Pa(g)tri(h) et(h) Fí(ixhi)li(h)o(h) (,) et(h) Spi(h)rí(h)tu(g)i(h) San(gf~)cto.(f) (::)",0,Vir Pl TP,2V
Os iusti,Os iusti * Meditabitur sapientiam. ℣ Et lingua eius loquetur iudicium.,"Ps 36,30",6,f gh hg f g h g f f g g f f,AM 667,"Antiphonale Monasticum, p. 667","(c4)Os(f) iu(gh)sti(hg) <v>\greheightstar</v>(;) Me(f)di(g)tá(h)bi(g)tur(f) sa(f)pi(g)én(g)ti(f)am.(f)  <sp>V/</sp>(::) Et(h) lin(h)gua(h) e(ixhi)ius(g) (,) lo(g)qué(h)tur(g) iu(f)dí(g)ci(gh)um.(hg)  <sp>V/</sp>(::) Gló(h)ri(h)a(h) Pa(ixhi)tri(h) et(g) Fí(gh)li(g)o(g) (,) et(g) Spi(g)rí(h)tu(g)i(gf) San(g)cto.(gh) (::)",0,Doct,1V
Os iusti... all.,Os iusti meditabitur sapientiam * Alleluia alleluia. ℣ Et lingua eius loquetur iudicium.,,6,f g f f f f f f f e g g h h hg g f d fg g f,AM 668,"Antiphonale Monasticum, p. 668","(c4)Os(f) iu(g)sti(f) (,) me(f)di(f)tá(f)bi(f)tur(f) sa(f)pi(e)én(g)ti(g)am,(h) <v>\greheightstar</v>(;) Al(h)le(hg)lú(g>)ia(f) al(d)le(fg)lú(g>)ia.(f)  <sp>V/</sp>(::) Et(d) lin(f)gua(f) e(g)ius(f) (,) lo(f)qué(f)tur(f) iu(e)dí(g)ci(g)um.(h)  <sp>V/</sp>(::) Gló(f)ri(f)a(e) Pa(g)tri(h) et(h) Fí(ixhi)li(h)o(h) (,) et(h) Spi(h)rí(h)tu(g)i(h) San(gf~)cto.(f) (::)",0,Doct TP,1V
Ostende nobis Domine,Ostende nobis Domine * Misericordiam tuam. ℣ Et salutare tuum da nobis.,"Ps 84,8",4,e e e f fd e f g g e f dc d f f e,CAO 7343; ARII 11,"Antiphonae & Responsoria/Tomus I, p. 4","(c4)O(e)stén(e)de(e) no(f)bis,(fd~) Dó(e)mi(f)ne,(g) <v>\greheightstar</v>(;) Mi(g)se(e)ri(f)cór(dc~)di(d)am(f) tu(f)am.(e)  <sp>V/</sp>(::) Et(c) sa(de)lu(e)tá(ef)re(e) tu(f)um(fd~) da(e) no(f)bis.(g)  <sp>V/</sp>(::) Gló(e)ri(g)a(g) Pa(gh)tri(h) et(h) Fí(g)li(h)o(e) (,) et(e) Spi(e)rí(f)tu(fe)i(d) San(ef<)cto.(g) (::)",0,Adv H1,V
Panem cæli,Panem cæli dedit eis * Alleluia alleluia. ℣ Panem angelorum manducavit homo.,"Ps 77,24-25",6,f f gh f fe dc fgd ifghih,ARII 420,"Antiphonae & Responsoria/Tomus IV, p. 180","(c4)Pa(f)nem(f) cæ(gh)li(f) de(fe)dit(dc) e(fgd)is,(ixfgw!hih) <v>\greheightstar</v>(::) Al(ixi>)le(ivHG)lú(gh)ia(f) (,) al(dc~)le(ixfg!hwiHGF)lú(ghf~)ia.(f)  <sp>V/</sp>(::) Pa(f)nem(f) an(f)ge(f)ló(gh)rum(f) man(f)du(f)cá(fe)vit(dc) ho(fgd)mo.(ixfgw!hih)  <sp>V/</sp>(::) Gló(f)ri(f)a(f) Pa(g)tri(f) (,) et(f) Fí(gh)li(f)o(f) (;) et(f) Spi(f)rí(g)tu(fe)i(dc) San(fgd)cto.(ixfgw!hih) (::)",0,Corp,V
Parate vias,Parate vias Domini * Rectas facite semitas eius. ℣ Post me venit vir qui ante me factus est.,"Mt 3,3; Io 1,30",6,f fg f fe dc f fgd ifghih h ii j ii ih gh ifghihgf g ghf f,AR1I 572,Calithes.it,"(c4)Pa(f)rá(fg)te(f) vi(fe)as(dc) Dó(f)mi(fgd)ni,(ixfgw!hih) <v>\greheightstar</v>(;) Re(h)ctas(ixi) fá(j)ci(ixi)te(ih) sé(gh)mi(ixfg!hwiHGF)tas(g) e(ghf~)ius.(f)  <sp>V/</sp>(::) Post(f) me(f) ve(gh)nit(f) vir,(f) (,) qui(f) an(g>)te(fe) me(dc) fa(f)ctus(fgd) est.(ixfgw!hih)  <sp>V/</sp>(::) Gló(f)ri(f)a(f) Pa(gh)tri(f) (,) et(g) Fí(fe)li(dc)o(c) (;) et(dc~) Spi(f)rí(ixghwi)tu(ih)i(gh) San(gf~)cto.(f) (::)",0,24/6,V
Pars mea,Pars mea Dominus * Dixit anima mea. ℣ Bonus est Dominus animæ quærenti illum.,"Lam 3,24.25",6,f g f g gh h g f gh gf g g f,,,"(c4)Pars(f) me(g)a(f) Dó(g)mi(gh)nus,(h) <v>\greheightstar</v>(;) Di(g)xit(f) á(gh)ni(gf)ma(g) me(g)a.(f)  <sp>V/</sp>(::) Bo(ixhi)nus(h) est(h) Dó(gh)mi(g)nus(g) (,) á(g)ni(g)mæ(g) quæ(g)rén(g)ti(f) il(gh)lum.(hg)  <sp>V/</sp>(::) Gló(h)ri(h)a(h) Pa(ixhi)tri(h) et(g) Fí(gh)li(g)o(g) (,) et(g) Spi(g)rí(h)tu(g)i(gf) San(g)cto.(gh) (::)",0,Virg,1V
Pars mea... all.,Pars mea Dominus dixit anima mea * Alleluia alleluia. ℣ Bonus est Dominus animæ quærenti illum.,,6,f f f g f f f f f f e g h h hg g f d fg g f,,,"(c4)Pars(f) me(f)a(f) Dó(g)mi(f)nus,(f) (,) di(f)xit(f) á(f)ni(f)ma(e) me(g)a,(h) <v>\greheightstar</v>(;) Al(h)le(hg)lú(g>)ia(f) al(d)le(fg)lú(g>)ia.(f)  <sp>V/</sp>(::) Bo(d)nus(f) est(f) Dó(g)mi(f)nus(f) (,) á(f)ni(f)mæ(f) quæ(f)rén(f)ti(e) il(g)lum.(h)  <sp>V/</sp>(::) Gló(f)ri(f)a(e) Pa(g)tri(h) et(h) Fí(ixhi)li(h)o(h) (,) et(h) Spi(h)rí(h)tu(g)i(h) San(gf~)cto.(f) (::)",0,Virg TP,1V
Per te salutem,Per te salutem hauriamus * Virgo Maria. ℣ Ex vulneribus Christi.,,6,f f f g f f f gh hg fh gf g g f,,"Antiphonae & Responsoria/Tomus V, p. 279","(c4)Per(f) te(f) sa(f)lú(g)tem(f) hau(f)ri(f)á(gh)mus,(hg) <v>\greheightstar</v>(;) Vir(fh)go(gf) Ma(g)rí(g)a.(f)  <sp>V/</sp>(::) Ex(h) vul(h)né(ixhi)ri(g)bus(f) Chri(gh)sti.(hg)  <sp>V/</sp>(::) Gló(h)ri(h)a(h) Pa(ixhi)tri(h) et(g) Fí(gh)li(g)o(g) (,) et(g) Spi(g)rí(h)tu(g)i(gf) Sanc(g)",0,15/9,L
Per viscera,Per viscera misericordiæ suæ * Visitavit nos Dominus. ℣ Ex semine David eduxit salvatorem Iesum.,"<sp>R/</sp>: Lc 1,78",6,f f f f f f f g f f gh hg f g h g fg g f f,,"Antiphonae & Responsoria/Tomus V, p. 272","(c4)Per(f) ví(f)sce(f)ra(f) mi(f)se(f)ri(f)cór(g)di(f)æ(f) su(gh)æ,(hg) <v>\greheightstar</v>(;) Vi(f)si(g)tá(h)vit(g) nos(fg) Dó(g)mi(f)nus.(f)  <sp>V/</sp>(::) Ex(h) sé(h)mi(h)ne(h) Da(ixhi)vid(g) (,) e(g)dú(g)xit(g) sal(g)va(g)tó(g)rem(f) Ie(gh)sum.(hg)  <sp>V/</sp>(::) Gló(h)ri(h)a(h) Pa(ixhi)tri(h) et(g) Fí(gh)li(g)o(g) (,) et(g) Spi(g)rí(h)tu(g)i(gf) San(g)cto.(gh) (::)",0,26/7,L
Post partum,Post partum Virgo * Inviolata permansisti. ℣ Dei Genetrix intercede pro nobis.,,6,f g f gh h g f g h g f g g f,CAO 7400; AM 1073,"Antiphonale Monasticum, p. 1073","(c4)Post(f) par(g)tum,(f) Vir(gh)go,(h) <v>\greheightstar</v>(;) In(g)vi(f)o(g)lá(h)ta(g) per(f)man(g)sí(g)sti.(f)  <sp>V/</sp>(::) De(h)i(h) Gé(ixhi)ne(g)trix,(g) (,) in(g)ter(g)cé(h)de(g) pro(f) no(gh)bis.(hg)  <sp>V/</sp>(::) Gló(h)ri(h)a(h) Pa(ixhi)tri(h) et(g) Fí(gh)li(g)o(g) (,) et(g) Spi(g)rí(h)tu(g)i(gf) San(g)cto.(gh) (::)",0,BMV,1V
Post partum... all.,Post partum Virgo inviolata permansisti * Alleluia alleluia. ℣ Dei Genetrix intercede pro nobis.,,6,f f f g f f f f f f f e g h h hg g f d fg g f,,,"(c4)Post(f) par(f)tum,(f) Vir(g)go,(f) (,) in(f)vi(f)o(f)lá(f)ta(f) per(f)man(e)sí(g)sti,(h) <v>\greheightstar</v>(;) Al(h)le(hg)lú(g>)ia(f) al(d)le(fg)lú(g>)ia.(f)  <sp>V/</sp>(::) De(d)i(f) Gé(g)ne(f)trix,(f) (,) in(f)ter(f)cé(f)de(f) pro(e) no(g)bis.(h)  <sp>V/</sp>(::) Gló(f)ri(f)a(e) Pa(g)tri(h) et(h) Fí(ixhi)li(h)o(h) (,) et(h) Spi(h)rí(h)tu(g)i(h) San(gf~)cto.(f) (::)",0,BMV TP,1V
Probasti nos,Probasti nos Deus * Et eduxisti nos in refrigerium. ℣ Igne nos examinasti sicut examinatur argentum.,"Ps 65,10.12.10",6,f g f f gh h g f g h g f fd f g g f f,,,"(c4)Pro(f)bá(g)sti(f) nos,(f) De(gh)us,(h) <v>\greheightstar</v>(;) Et(g) e(f)du(g)xí(h)sti(g) nos(f) in(fd) re(f)fri(g)gé(g)ri(f)um.(f)  <sp>V/</sp>(::) I(ixhi)gne(h) nos(h) e(h)xa(h)mi(h)ná(gh)sti,(g) (,) si(g)cut(g) e(g)xa(g)mi(g)ná(g)tur(g) ar(f)gén(gh)tum.(hg)  <sp>V/</sp>(::) Gló(h)ri(h)a(h) Pa(ixhi)tri(h) et(g) Fí(gh)li(g)o(g) (,) et(g) Spi(g)rí(h)tu(g)i(gf) San(g)cto.(gh) (::)",0,UnM,2V
Quærite Dominum,Quærite Dominum * Et confirmamini. ℣ Quærite faciem eius semper.,"Ps 104,4",6,g f f g gh hg f gh gf g f f,AV suppl. 141,,"(c4)Quǽ(g)ri(f)te(f) Dó(g)mi(gh)num(hg) <v>\greheightstar</v>(;) Et(f) con(gh)fir(gf)má(g)mi(f)ni.(f)  <sp>V/</sp>(::) Quǽ(ixhi)ri(h)te(h) fá(gh)ci(g)em(g) e(g)ius(f) sem(gh)per.(hg)  <sp>V/</sp>(::) Gló(h)ri(h)a(h) Pa(ixhi)tri(h) et(g) Fí(gh)li(g)o(g) (,) et(g) Spi(g)rí(h)tu(g)i(gf) San(g)cto.(gh) (::)",0,Virg Pl,1V
Quærite Dominum,Quærite Dominum * Et confirmamini. ℣ Quærite faciem eius semper.,"Ps 104,4",6,g f f g gh hg f gh gf g f f,AV suppl. 141,,"(c4)Quǽ(g)ri(f)te(f) Dó(g)mi(gh)num(hg) <v>\greheightstar</v>(;) Et(f) con(gh)fir(gf)má(g)mi(f)ni.(f)  <sp>V/</sp>(::) Quǽ(ixhi)ri(h)te(h) fá(gh)ci(g)em(g) e(g)ius(f) sem(gh)per.(hg)  <sp>V/</sp>(::) Gló(h)ri(h)a(h) Pa(ixhi)tri(h) et(g) Fí(gh)li(g)o(g) (,) et(g) Spi(g)rí(h)tu(g)i(gf) San(g)cto.(gh) (::)",0,Mul Pl,1V
Quærite Dominum... all.,Quærite Dominum et confirmamini * Alleluia alleluia. ℣ Quærite faciem eius semper.,,6,f f f g f f f f e g g h h hg g f d fg g f,,,"(c4)Quǽ(f)ri(f)te(f) Dó(g)mi(f)num(f) (,) et(f) con(f)fir(e)má(g)mi(g)ni,(h) <v>\greheightstar</v>(;) Al(h)le(hg)lú(g>)ia(f) al(d)le(fg)lú(g>)ia.(f)  <sp>V/</sp>(::) Quǽ(d)ri(f)te(f) fá(g)ci(f)em(f) e(f)ius(e) sem(g)per.(h)  <sp>V/</sp>(::) Gló(f)ri(f)a(e) Pa(g)tri(h) et(h) Fí(ixhi)li(h)o(h) (,) et(h) Spi(h)rí(h)tu(g)i(h) San(gf~)cto.(f) (::)",0,Virg Pl TP Mul Pl TP,1V
Quam magnificata,Quam magnificata sunt * Opera tua Domine. ℣ Omnia in sapientia fecisti.,"Ps 103,24",6,f f fg g gf g gh g f gh gfd fg g f f,CAO 7460; ARII 453,"Antiphonæ & Responsoria/Tomus III, p. 121","(c4)Quam(f) ma(f)gni(fg)fi(g)cá(gf)ta(g) sunt(gh) <v>\greheightstar</v>(;) O(g)pe(f)ra(gh) tu(gvFD)a,(fg) Dó(g)mi(f)ne.(f)  <sp>V/</sp>(::) Om(ixhi)ni(g)a(g) (,) in(g) sa(g)pi(g)én(h)ti(g)a(g) fe(gf)cí(g)sti.(gh)  <sp>V/</sp>(::) Gló(h)ri(h)a(h) Pa(ixhi)tri(h) et(g) Fí(gh)li(g)o(g) (,) et(g) Spi(g)rí(h)tu(g)i(gf) San(g)cto.(gh) (::)",0,1.3H1,1V
Redemisti nos,Redemisti nos Domine * In sanguine tuo. ℣ Ex omni tribu et lingua et populo et natione.,"Ap 5,9",4,g g h g ge fe de e ef d c df fgfe e,cf. CAO 7514,"Antiphonae & Responsoria/Tomus II, p. 102","(c4)Red(g)e(g)mí(h)sti(g) nos,(ge) Dó(fe)mi(de)ne,(e) <v>\greheightstar</v>(;) In(ef) sán(d)gui(c)ne(df) tu(fgFE)o.(e)  <sp>V/</sp>(::) Ex(eh) om(ixhi~)ni(h) tri(g)bu(g) et(g) lin(gh~)gua(g) (`) et(g) pó(g)pu(g)lo(g) et(h) na(gf)ti(de)ó(efwgFE)ne.(e)  <sp>V/</sp>(::) Gló(ixehiv)ri(h)a(g) Pa(g)tri(g) et(g) Fí(gh)li(g)o(g) (,) et(g) Spi(g)rí(h)tu(gf)i(de) San(efwgFE~)cto.(e) (::)",0,6Q1-5,L
Redime me Domine,Redime me Domine * Et miserere mei. ℣ Ne perdas cum impiis animam meam.,"Ps 25,11.9",6,f f f f g gh h g f gh gf g g f,"cf. CAO 7517; cf. AR 80 & [214]","Antiphonae & Responsoria/Tomus III, p. 124","(c4)Réd(f)i(f)me(f) me,(f) Dó(g)mi(gh)ne,(h) <v>\greheightstar</v>(;) Et(g) mi(f)se(gh)ré(gf)re(g) me(g)i.(f)  <sp>V/</sp>(::) Ne(f) per(f)das(f) cum(f) ím(g)pi(f)is(f) (,) á(f)ni(f)mam(f) me(gh)am.(h)  <sp>V/</sp>(::) Gló(f)ri(f)a(f) Pa(gh)tri(h) et(h) Fí(ixhi)li(h)o(h) (,) et(h) Spi(h)rí(h)tu(g)i(h) San(gf~)cto.(f::)",0,1.3H4,V
Repleti sunt,Repleti sunt omnes Spiritu Sancto * Alleluia alleluia. ℣ Et cœperunt loqui.,"Act 2,4",6,f f f f g f f f e g h h hg g f d fg g f,CAO 7530; AR 426,Calithes.it,"(c4)Re(f)plé(f)ti(f) sunt(f) om(g)nes(f) (,) Spí(f)ri(f)tu(e) San(g)cto,(h) <v>\greheightstar</v>(;) Al(h)le(hg)lú(g>)ia(f) al(d)le(fg)lú(g>)ia.(f)  <sp>V/</sp>(::) Et(d) cœ(f)pé(f)runt(e) lo(g)qui.(h)  <sp>V/</sp>(::) Gló(f)ri(f)a(e) Pa(g)tri(h) et(h) Fí(ixhi)li(h)o(h) (,) et(h) Spi(h)rí(h)tu(g)i(h) San(g>)cto.(f) (::)",0,Pent,L
Sacerdotes Domini,Sacerdotes Domini * Benedicite Dominum. ℣ Sancti et humiles corde laudate Deum.,"Dan 3,84.87",6,f f g f g gh hg f gh g f g g f f,,"cf. Antiphonale Prataliense/Tomus II, p.470","(c4)Sa(f)cer(f)dó(g)tes(f) Dó(g)mi(gh)ni,(hg) <v>\greheightstar</v>(;) Be(f)ne(gh)dí(g)ci(f)te(g) Dó(g)mi(f)num.(f)  <sp>V/</sp>(::) San(ixhi)cti(h) et(h) hú(h)mi(h)les(h) cor(gh)de,(g) (,) lau(g)dá(g)te(f) De(gh)um.(hg)  <sp>V/</sp>(::) Gló(h)ri(h)a(h) Pa(ixhi)tri(h) et(g) Fí(gh)li(g)o(g) (,) et(g) Spi(g)rí(h)tu(g)i(gf) San(g)cto.(gh) (::)",0,Past,1V
Sacerdotes Domini... all.,Sacerdotes Domini benedicite Dominum * Alleluia alleluia. ℣ Sancti et humiles corde laudate Deum.,,6,f f f f g f f f f f f e g g h h hg g f d fg g f,,"Antiphonale Prataliense/Tomus II, p. 471","(c4)Sa(f)cer(f)dó(f)tes(f) Dó(g)mi(f)ni,(f) (,) be(f)ne(f)di(f)ci(f)te(e) Dó(g)mi(g)num,(h) <v>\greheightstar</v>(;) Al(h)le(hg)lú(g>)ia(f) al(d)le(fg)lú(g>)ia.(f)  <sp>V/</sp>(::) San(d)cti(f) et(f) hú(f)mi(f)les(f) cor(g)de,(f) (,) lau(f)dá(f)te(e) De(g)um.(h)  <sp>V/</sp>(::) Gló(f)ri(f)a(e) Pa(g)tri(h) et(h) Fí(ixhi)li(h)o(h) (,) et(h) Spi(h)rí(h)tu(g)i(h) San(gf~)cto.(f) (::)",0,Past TP,1V
Sacerdotes tui,Sacerdotes tui Domine * Induantur iustitiam. ℣ Et sancti tui exsultent.,"Ps 131,9",6,f f f f g f g gh hg f f gh gf g g f f,AV suppl. 119,,"(c4)Sa(f)cer(f)dó(f)tes(f) tu(g)i,(f) Dó(g)mi(gh)ne,(hg) <v>\greheightstar</v>(;) In(f)du(f)án(gh)tur(gf) iu(g)stí(g)ti(f)am.(f)  <sp>V/</sp>(::) Et(ixhi) san(h)cti(h) tu(gh)i(g) ex(gf)súl(gh)tent.(hg)  <sp>V/</sp>(::) Gló(h)ri(h)a(h) Pa(ixhi)tri(h) et(g) Fí(gh)li(g)o(g) (,) et(g) Spi(g)rí(h)tu(g)i(gf) San(g)cto.(gh) (::)",0,Past Pl,2V
Sacerdotes tui... all.,Sacerdotes tui Domine induantur iustitiam * Alleluia alleluia. ℣ Et sancti tui exsultent.,,6,f f f f f f g f f f f f f e g g h h hg g f d fg g f,,,"(c4)Sa(f)cer(f)dó(f)tes(f) tu(f)i,(f) Dó(g)mi(f)ne,(f) (,) in(f)du(f)án(f)tur(f) iu(e)stí(g)ti(g)am,(h) <v>\greheightstar</v>(;) Al(h)le(hg)lú(g>)ia(f) al(d)le(fg)lú(g>)ia.(f)  <sp>V/</sp>(::) Et(d) san(f)cti(f) tu(g)i(f) ex(e)súl(g)tent.(h)  <sp>V/</sp>(::) Gló(f)ri(f)a(e) Pa(g)tri(h) et(h) Fí(ixhi)li(h)o(h) (,) et(h) Spi(h)rí(h)tu(g)i(h) San(gf~)cto.(f) (::)",0,Past Pl TP,2V
Sana animam meam,Sana animam meam * Quia peccavi tibi. ℣ Ego dixi: Domine miserere mei.,"Ps 40,5",6,f f g f f gh h g f gh gf g g f,CAO 7567; AM 43,"Antiphonæ & Responsoria/Tomus III, p. 122","(c4)Sa(f)na(f) á(g)ni(f)mam(f) me(gh)am,(h) <v>\greheightstar</v>(;) Qui(g)a(f) pec(gh)cá(gf)vi(g) ti(g)bi.(f)  <sp>V/</sp>(::) E(f)go(f) di(f)xi:(f) Dó(g)mi(f)ne,(f) (,) mi(f)se(f)ré(f)re(f) me(gh)i.(h)  <sp>V/</sp>(::) Gló(f)ri(f)a(f) Pa(gh)tri(h) et(h) Fí(ixhi)li(h)o(h) (,) et(h) Spi(h)rí(h)tu(g)i(h) San(gf~)cto.(f::)",0,1.3H2,V
Sancti et iusti,Sancti et iusti * In Domino gaudete. ℣ Vos elegit Deus in hereditatem sibi.,"cf. Phil 3,1; Ps 32,12",6,f fe dc fgd ifghih h gh f ifghihgf g ghf f,CAO 7588; ARII 675,"Antiphonae & Responsoria/Tomus V, p. 283","(c4)San(f)cti(fe) et(dc) iu(fgd)sti,(ixfgw!hih) <v>\greheightstar</v>(;) In(h) Dó(gh)mi(f)no(ixfg!hwiHGF) gau(g)dé(ghf)te.(f)  <sp>V/</sp>(::) Vos(f) e(f)lé(g)git(f) De(gh)us(f) (,) in(f) he(f)re(g)di(f)tá(fe)tem(dc) si(fgd)bi.(ixfgw!hih)  <sp>V/</sp>(::) Gló(f)ri(f)a(f) Pa(gh)tri(f) (,) et(g) Fí(fe)li(dc)o(c) (;) et(dc~) Spi(f)rí(ixghwi)tu(ih)i(gh) San(gf~)cto.(f) (::)",0,1/11,2V
Sancti et iusti... all.,Sancti et iusti in Domino gaudete * Alleluia alleluia. ℣ Vos elegit Deus in hereditatem sibi.,"Phil 3,1; Ps 32,12",6,f f f g f f f f f e g h h hg g f d fg g f d f f f g f f f f f f e g h,CAO 7588; AM 634,"Antiphonale Monasticum, p. 634","(c4)San(f)cti(f) et(f) iu(g)sti,(f) (,) in(f) Dó(f)mi(f)no(f) gau(e)dé(g)te,(h) <v>\greheightstar</v>(;) Al(h)le(hg)lú(g>)ia(f) al(d)le(fg)lú(g>)ia.(f)  <sp>V/</sp>(:) Vos(d) e(f)lé(f)git(f) De(g)us(f) (,) in(f) he(f)re(f)di(f)tá(f)tem(e) si(g)bi.(h)  <sp>V/</sp>(::) Gló(f)ri(f)a(e) Pa(g)tri(h) et(h) Fí(ixhi)li(h)o(h) (,) et(h) Spi(h)rí(h)tu(g)i(h) San(gf~)cto.(f) (::)",0,PlM TP UnM TP,1V
Sancti tui,Sancti tui Domine * Gloriam regni tui dicant. ℣ Et potentiam tuam loquantur.,"Ps 144,10.11",6,f f g f g gh hg g f gh g fd f g g f,cf. CAO 7591,Calithes.it,"(c4)San(f)cti(f) tu(g)i,(f) Dó(g)mi(gh)ne,(hg) <v>\greheightstar</v>(;) Gló(g)ri(f)am(gh) re(g>)gni(fd) tu(f)i(g) di(g)cant.(f)  <sp>V/</sp>(::) Et(h) po(h)tén(ixhi)ti(h)am(g) tu(gh)am(g) lo(f)quán(gh)tur.(hg)  <sp>V/</sp>(::) Gló(h)ri(h)a(h) Pa(ixhi)tri(h) et(g) Fí(gh)li(g)o(g) (,) et(g) Spi(g)rí(h)tu(g)i(gf) San(g)cto.(gh) (::)",0,Reg,L
Sapientiam sanctorum,Sapientiam sanctorum * Narrent populi. ℣ Et laudem eorum nuntiet Ecclesia.,"Sir 44,15",6,f f g f f f gh h gf g g f f,,"cf. Antiphonale Prataliense/Tomus II, p. 481","(c4)Sa(f)pi(f)én(g)ti(f)am(f) san(f)ctó(gh)rum(h) <v>\greheightstar</v>(;) Nar(gf)rent(g) pó(g)pu(f)li.(f)  <sp>V/</sp>(::) Et(ixhi) lau(h)dem(h) e(h)ó(gh)rum(g) (,) nún(g)ti(g)et(g) Ec(f)clé(g)si(gh)a.(hg)  <sp>V/</sp>(::) Gló(h)ri(h)a(h) Pa(ixhi)tri(h) et(g) Fí(gh)li(g)o(g) (,) et(g) Spi(g)rí(h)tu(g)i(gf) San(g)cto.(gh) (::)",0,Doct,L
Sapientiam sanctorum... all.,Sapientiam sanctorum narrent populi * Alleluia alleluia. ℣ Et laudem eorum nuntiet Ecclesia.,,6,f f f f f f g f f e g g h h hg g f d fg g f,,"Antiphonale Prataliense/Tomus II, p. 481","(c4)Sa(f)pi(f)én(f)ti(f)am(f) san(f)ctó(g)rum(f) (,) nar(f)rent(e) pó(g)pu(g)li,(h) <v>\greheightstar</v>(;) Al(h)le(hg)lú(g>)ia(f) al(d)le(fg)lú(g>)ia.(f)  <sp>V/</sp>(::) Et(d) lau(f)dem(f) e(f)ó(g)rum(f) (,) nún(f)ti(f)et(f) Ec(e)clé(g)si(g)a.(h)  <sp>V/</sp>(::) Gló(f)ri(f)a(e) Pa(g)tri(h) et(h) Fí(ixhi)li(h)o(h) (,) et(h) Spi(h)rí(h)tu(g)i(h) San(gf~)cto.(f) (::)",0,Doct TP,L
Sedes tua,Sedes tua Deus * In sæculum sæculi. ℣ Sceptrum æquitatis sceptrum regni tui.,"Ps 44, 7",6,fg f fe dc fgd ifghih h gh f ifghihgf g ghf f,cf. CAO 7634; ARII 444,"Antiphonae & Responsoria/Tomus II, p. 204","(c4)Se(fg)des(f) tu(fe)a,(dc) De(fgd)us,(ixfgw!hih) <v>\greheightstar</v>(;) In(h) sǽ(gh)cu(f)lum(ixfg!hwiHGF) sǽ(g)cu(ghf)li.(f)  <sp>V/</sp>(::) Scep(f)trum(f) æ(f)qui(f)tá(gh)tis,(f) (,) scep(g)trum(f) re(fe)gni(dc) tu(fgd)i.(ixfgw!hih)  <sp>V/</sp>(::) Gló(f)ri(f)a(f) Pa(gh)tri(f) (,) et(g) Fí(fe)li(dc)o(c) (;) et(dc~) Spi(f)rí(ixghwi)tu(ih)i(gh) San(gf~)cto.(f) (::)",0,Reg,2V
Spiritus Domini,Spiritus Domini replevit orbem terrarum * Alleluia alleluia. ℣ Et hoc quod continet omnia scientiam habet vocis.,"Sap 1,7",6,f f f g f f f fg f f fe dc fgd ifghih,CAO 7689; ARII 286,"Antiphonae & Responsoria/Tomus II, p. 268","(c4)Spí(f)ri(f)tus(f) Dó(g)mi(f)ni(f) (`) re(f)plé(fg)vit(f) or(f)bem(fe) ter(dc)rá(fgd)rum,(ixfgw!hih) <v>\greheightstar</v>(::) Al(ixi>)le(ivHG)lú(gh)ia(f) (,) al(dc~)le(ixfg!hwiHGF)lú(ghf~)ia.(f)  <sp>V/</sp>(::) Et(f) hoc(f) quod(f) cón(g)ti(f)net(f) óm(gh)ni(f)a,(f) (,) sci(f)én(g)ti(f)am(f) ha(fe)bet(dc) vo(fgd)cis.(ixfgw!hih)  <sp>V/</sp>(::) Gló(f)ri(f)a(f) Pa(g)tri(f) (,) et(f) Fí(gh)li(f)o(f) (;) et(f) Spi(f)rí(g)tu(fe)i(dc) San(fgd)cto.(ixfgw!hih) (::)",0,Pent,2V
Spiritus Paraclitus simpl.,Spiritus Paraclitus * Alleluia alleluia. ℣ Docebit vos omnia.,"Io 14,26",6,f f f e g g h h hg g f d fg g f,ARII 267,"Antiphonae & Responsoria/Tomus II, p. 244","(c4)Spí(f)ri(f)tus(f) Pa(e)rá(g)cli(g)tus,(h) <v>\greheightstar</v>(;) Al(h)le(hg)lú(g>)ia(f) al(d)le(fg)lú(g>)ia.(f)  <sp>V/</sp>(::) Do(d)cé(f)bit(f) vos(e) óm(g)ni(g)a.(h)  <sp>V/</sp>(::) Gló(f)ri(f)a(e) Pa(g)tri(h) et(h) Fí(ixhi)li(h)o(h) (,) et(h) Spi(h)rí(h)tu(g)i(h) San(g>)cto.(f) (::)",0,P post Asc,V
Spiritus Paraclitus soll.,Spiritus Paraclitus * Alleluia alleluia. ℣ Docebit vos omnia.,"Io 14,26",6,fg f fe dc f fgd ifghih,ARII 273,"Antiphonae & Responsoria/Tomus II, p. 261","(c4)Spí(fg)ri(f)tus(fe) Pa(dc)rá(f)cli(fgd)tus,(ixfgw!hih) <v>\greheightstar</v>(::) Al(ixi>)le(ivHG)lú(gh)ia(f) (,) al(dc~)le(ixfg!hwiHGF)lú(ghf~)ia.(f)  <sp>V/</sp>(::) Do(f)cé(g)bit(fe) vos(dc) óm(f)ni(fgd)a.(ixfgw!hih)  <sp>V/</sp>(::) Gló(f)ri(f)a(f) Pa(g)tri(f) (,) et(f) Fí(gh)li(f)o(f) (;) et(f) Spi(f)rí(g)tu(fe)i(dc) San(fgd)cto.(ixfgw!hih) (::)",0,Pent,1V
Stabat sancta Maria,Stabat sancta Maria regina martyrum * Iuxta crucem Domini. ℣ Felix est illa quæ sine morte meruit palmam martyrii.,"<sp>R/</sp>: cf. Io 19,25",6,f f f f f g f f f f g gh hg f gh gf g g f f,,"Antiphonae & Responsoria/Tomus V, p. 280","(c4)Sta(f)bat(f) san(f)cta(f) Ma(f)rí(g)a,(f) (,) re(f)gí(f)na(f) már(g)ty(gh)rum,(hg) <v>\greheightstar</v>(;) Iux(f)ta(gh) cru(gf)cem(g) Dó(g)mi(f)ni.(f)  <sp>V/</sp>(::) Fe(h)lix(h) est(h) il(ixhi)la(g) (,) quæ(g) si(g)ne(g) mor(gh)te(g) mé(g)ru(g)it(g) pal(g)mam(g) mar(f)tý(g)ri(gh)i.(hg)  <sp>V/</sp>(::) Gló(h)ri(h)a(h) Pa(ixhi)tri(h) et(g) Fí(gh)li(g)o(g) (,) et(g) Spi(g)rí(h)tu(g)i(gf) San(g)cto.(gh) (::)",0,15/9,V
Stetit angelus,Stetit angelus * iuxta aram templi. ℣ Habens turibulum aureum in manu sua.,"cf. Ap 8,3",6,f f g gh hg f gh gf g g f,CAO 7706; AM 1068,"Antiphonae & Responsoria/Tomus V, p. 280","(c4)Ste(f)tit(f) án(g)ge(gh)lus(hg) <v>\greheightstar</v>(;) iux(f)ta(gh) a(gf)ram(g) tem(g)pli.(f)  <sp>V/</sp>(::) Ha(ixhi)bens(h) tu(h)rí(h)bu(h)lum(g) áu(gh)re(g)um(g) (,) in(g) ma(g)nu(f) su(gh)a.(hg)  <sp>V/</sp>(::) Gló(h)ri(h)a(h) Pa(ixhi)tri(h) et(g) Fí(gh)li(g)o(g) (,) et(g) Spi(g)rí(h)tu(g)i(gf) San(g)cto.(gh) (::)",0,29/9,L
Super te Ierusalem orietur,Super te Ierusalem * Orietur Dominus. ℣ Et gloria eius in te videbitur.,"Is 60,2",4,e e f fd e f gg e f dc d f f e,CAO 7728; AR 33,"Antiphonae & Responsoria/Tomus I, p. 5","(c4)Su(e)per(e) te(f) Ie(fd)rú(e)sa(f)lem,(ggo) <v>\greheightstar</v>(;) O(e)ri(f)é(dc)tur(d) Dó(f)mi(f)nus.(e)  <sp>V/</sp>(::) Et(c) gló(de)ri(e)a(e) e(ef~)ius(e) (,) in(e) te(f) vi(fd)dé(e)bi(f)tur.(ggo)  <sp>V/</sp>(::) Gló(e)ri(g)a(g) Pa(gh)tri(h) et(h) Fí(g)li(h)o(e) (,) et(e) Spi(e)rí(f)tu(fe)i(d) San(ef<)cto.(g) (::)",0,Adv H2-7,L
Super te Ierusalem constitui,Super te Ierusalem * Constitui custodes. ℣ Die ac nocte non tacebunt prædicare nomen Domini.,"cf. Is 62,6",6,f f f f g gh hg fg h g f g g f,,"cf. Antiphonale Prataliense/Tomus II, p. 462","(c4)Su(f)per(f) te,(f) Ie(f)rú(g)sa(gh)lem,(hg) <v>\greheightstar</v>(;) Con(fg)stí(h)tu(g)i(f) cu(g)stó(g)des.(f)  <sp>V/</sp>(::) Di(ixhi)e(h) ac(h) no(h)cte(h) non(h) ta(g)cé(gh)bunt(g) (,) præ(g)di(g)cá(gh)re(g) no(g)men(f) Dó(g)mi(gh)ni.(hg)  <sp>V/</sp>(::) Gló(h)ri(h)a(h) Pa(ixhi)tri(h) et(g) Fí(gh)li(g)o(g) (,) et(g) Spi(g)rí(h)tu(g)i(gf) San(g)cto.(gh) (::)",0,Past,L
Super te Ierusalem... all.,Super te Ierusalem constitui custodes * Alleluia alleluia ℣ Die ac nocte non tacebunt prædicare nomen Domini.,,6,f f f f g f f f f f f e g h h hg g f d fg g f,,"Antiphonale Prataliense/Tomus II, p. 462","(c4)Su(f)per(f) te,(f) Ie(f)rú(g)sa(f)lem,(f) (,) con(f)stí(f)tu(f)i(f) cu(e)stó(g)des,(h) <v>\greheightstar</v>(;) Al(h)le(hg)lú(g>)ia(f) al(d)le(fg)lú(g>)ia(f)  <sp>V/</sp>(::) Di(d)e(f) ac(f) no(f)cte(f) non(f) ta(f)cé(g)bunt(f) (,) præ(f)di(f)cá(f)re(f) no(f)men(e) Dó(g)mi(g)ni.(h)  <sp>V/</sp>(::) Gló(f)ri(f)a(e) Pa(g)tri(h) et(h) Fí(ixhi)li(h)o(h) (,) et(h) Spi(h)rí(h)tu(g)i(h) San(gf~)cto.(f) (::)",0,Past TP,L
Surrexit de sepulcro,Surrexit Dominus de sepulcro * Alleluia alleluia. ℣ Qui pro nobis pependit in ligno.,,6,f f f g f f f e g h h hg g f d fg g f,CAO 7738; AM 455,"Antiphonae & Responsoria/Tomus II, p. 160","(c4)Sur(f)ré(f)xit(f) Dó(g)mi(f)nus(f) de(f) se(e)púl(g)cro,(h) <v>\greheightstar</v>(;) Al(h)le(hg)lú(g>)ia(f) al(d)le(fg)lú(g>)ia.(f)  <sp>V/</sp>(::) Qui(f) pro(f) no(g)bis(f) (,) pe(f)pén(f)dit(f) in(e) li(g)gno.(h)  <sp>V/</sp>(::) Gló(f)ri(f)a(e) Pa(g)tri(h) et(h) Fí(ixhi)li(h)o(h) (,) et(h) Spi(h)rí(h)tu(g)i(h) San(g>)cto.(f) (::)",0,P2-7,L
Surrexit Dominus vere,Surrexit Dominus vere * Alleluia alleluia. ℣ Et apparuit Simoni.,"Lc 24,34",6,f f f g f e g h h hg g f d fg g f,CAO 7740; ARII 214,"Antiphonae & Responsoria/Tomus II, p. 159","(c4)Sur(f)ré(f)xit(f) Dó(g)mi(f)nus(e) vé(g)re,(h) <v>\greheightstar</v>(;) Al(h)le(hg)lú(g>)ia(f) al(d)le(fg)lú(g>)ia.(f)  <sp>V/</sp>(::) Et(f) ap(f)pá(g)ru(f)it(f) Si(e)mó(g)ni.(h)  <sp>V/</sp>(::) Gló(f)ri(f)a(e) Pa(g)tri(h) et(h) Fí(ixhi)li(h)o(h) (,) et(h) Spi(h)rí(h)tu(g)i(h) San(g>)cto.(f) (::)",0,P1 usque Asc,V
Suscepit Israel,Suscepit Israel puerum suum * Recordatus misericordiæ suæ. ℣ Sicut locutus est ad patres nostros.,"Lc 1,54-55",6,f f f g f f f f gh hg f gh g f f f f fd f g g f,,"Antiphonae & Responsoria/Tomus V, p. 273","(c4)Su(f)scé(f)pit(f) Is(g)rael(f) pú(f)e(f)rum(f) su(gh)um,(hg) <v>\greheightstar</v>(;) Re(f)cor(gh)dá(g)tus(f) mi(f)se(f)ri(f)cór(fd)di(f)æ(g) su(g)æ.(f)  <sp>V/</sp>(::) Si(h)cut(h) lo(h)cú(ixhi)tus(g) est(g) (,) ad(g) pa(g)tres(f) no(gh)stros.(hg)  <sp>V/</sp>(::) Gló(h)ri(h)a(h) Pa(ixhi)tri(h) et(g) Fí(gh)li(g)o(g) (,) et(g) Spi(g)rí(h)tu(g)i(gf) San(g)cto.(gh) (::)",0,26/7,V
Tibi dixit,Tibi dixit cor meum: * Quæsivi vultum tuum. ℣ Vultum tuum Domine requiram.,"Ps 26,8",6,f f g f f gh h g f gh gf g g f,,,"(c4)Ti(f)bi(f) di(g)xit(f) cor(f) me(gh)um:(h) <v>\greheightstar</v>(;) Quæ(g)sí(f)vi(gh) vul(gf)tum(g) tu(g)um.(f)  <sp>V/</sp>(::) Vul(h)tum(h) tu(ixhi)um,(h) Dó(gh)mi(g)ne,(g) re(f)quí(gh)ram.(hg)  <sp>V/</sp>(::) Gló(h)ri(h)a(h) Pa(ixhi)tri(h) et(g) Fí(gh)li(g)o(g) (,) et(g) Spi(g)rí(h)tu(g)i(gf) San(g)cto.(gh) (::)",0,Virg,L
Tibi dixit... all.,Tibi dixit cor meum: Quæsivi vultum tuum * Alleluia alleluia. ℣ Vultum tuum Domine requiram.,,6,f f f f f g f f f f f e g h h hg g f d fg g f,,,"(c4)Ti(f)bi(f) di(f)xit(f) cor(f) me(g)um:(f) (,) Quæ(f)sí(f)vi(f) vul(f)tum(e) tu(g)um,(h) <v>\greheightstar</v>(;) Al(h)le(hg)lú(g>)ia(f) al(d)le(fg)lú(g>)ia.(f)  <sp>V/</sp>(::) Vul(d)tum(f) tu(f)um,(f) Dó(g)mi(f)ne,(f) re(e)quí(g)ram.(h)  <sp>V/</sp>(::) Gló(f)ri(f)a(e) Pa(g)tri(h) et(h) Fí(ixhi)li(h)o(h) (,) et(h) Spi(h)rí(h)tu(g)i(h) San(gf~)cto.(f) (::)",0,Virg TP,L
Tibi laus,Tibi laus tibi gloria * O beata Trinitas. ℣ Tibi gratiarum actio in sæcula sæculorum.,"<sp>V/</sp>: Ap 7,12",6,f f g f f g gh hg f gh gf g g f f,cf. CAO 7764,Calithes.it,"(c4)Ti(f)bi(f) laus,(g) ti(f)bi(f) gló(g)ri(gh)a,(hg) <v>\greheightstar</v>(;) O(f) be(gh)á(gf)ta(g) Trí(g)ni(f)tas.(f)  <sp>V/</sp>(::) Ti(ixhi)bi(h) gra(h)ti(h)á(h)rum(g) á(gh)cti(g)o(g) (,) in(g) sǽ(h)cu(g)la(g) sæ(g)cu(f)ló(gh)rum.(hg)  <sp>V/</sp>(::) Gló(h)ri(h)a(h) Pa(ixhi)tri(h) et(g) Fí(gh)li(g)o(g) (,) et(g) Spi(g)rí(h)tu(g)i(gf) San(g)cto.(gh) (::)",0,Trn,L
Tollite iugum,Tollite iugum meum super vos * Et discite a me. ℣ Quia mitis sum et humilis corde.,"Mt 11,29",6,f f f f f g f g gh hg fg h g fg g f,AM 566,Calithes.it,"(c4)Tól(f)li(f)te(f) iu(f)gum(f) me(g)um(f) su(g)per(gh) vos,(hg) <v>\greheightstar</v>(;) Et(fg) dí(h)sci(g)te(fg) a(g) me.(f)  <sp>V/</sp>(::) Qui(h)a(h) mi(ixhi)tis(g) sum(g) (,) et(g) hú(h)mi(g)lis(f) cor(gh~)de.(hg)  <sp>V/</sp>(::) Gló(h)ri(h)a(h) Pa(ixhi)tri(h) et(g) Fí(gh)li(g)o(g) (,) et(g) Spi(g)rí(h)tu(g)i(gf) San(g)cto.(gh) (::)",0,Cord,L
Tradiderunt animas,Tradiderunt animas suas * Pro nomine Domini Iesu Christi. ℣ Ibant gaudentes quoniam digni habiti sunt contumeliam pati.,"Act 15,26; 5,41",6,f f g f f f f gh hg fg h g f g f fd f g g f,,cf. Calithes.it,"(c4)Tra(f)di(f)dé(g)runt(f) á(f)ni(f)mas(f) su(gh)as(hg) <v>\greheightstar</v>(;) Pro(fg) nó(h)mi(g)ne(f) Dó(g)mi(f)ni(fd) Ie(f)su(g) Chri(g)sti.(f)  <sp>V/</sp>(::) I(ixhi)bant(h) gau(g)dén(gh>)tes,(g) (,) quó(g)ni(g)am(g) di(h)gni(g) há(g)bi(g)ti(g) sunt(g) con(g)tu(g)mé(g)li(g)am(f) pa(gh)ti.(hg)  <sp>V/</sp>(::) Gló(h)ri(h)a(h) Pa(ixhi)tri(h) et(g) Fí(gh)li(g)o(g) (,) et(g) Spi(g)rí(h)tu(g)i(gf) San(g)cto.(gh) (::)",0,29/6,L
Tu es vas,Tu es vas electionis * Sancte Paule apostole. ℣ Prædicator veritatis in universo mundo.,"<sp>R/</sp>: cf. Act 9,15",6,f f f f g f gh hg f g h gf g g f f,,"Antiphonae & Responsoria/Tomus V, p. 259","(c4)Tu(f) es(f) vas(f) e(f)le(g)cti(f)ó(gh)nis,(hg) <v>\greheightstar</v>(;) San(f)cte(g) Pau(h)le(gf) a(g)pó(g)sto(f)le.(f)  <sp>V/</sp>(::) Præ(h)di(h)cá(h)tor(h) ve(h)ri(h)tá(ixhi)tis(g) (,) in(g) u(g)ni(g)vér(g)so(f) mun(gh)do.(hg)  <sp>V/</sp>(::) Gló(h)ri(h)a(h) Pa(ixhi)tri(h) et(g) Fí(gh)li(g)o(g) (,) et(g) Spi(g)rí(h)tu(g)i(gf) San(g)cto.(gh) (::)",0,25/1,L
Tua est magnificentia,Tua est magnificentia et potentia * Tuum Domine regnum. ℣ Tu dominaris omnium.,"1 Chr 29,11.12",6,fg f f f f f gh f f fe dc f fgd ifghih ii h gh f ifghihgf ghf f,ARII 436,"Antiphonae & Responsoria/Tomus II, p. 197","(c4)Tu(fg)a(f) est(f) ma(f)gni(f)fi(f)cén(gh)ti(f)a(f) et(fe) po(dc)tén(f)ti(fgd)a,(ixfgw!hih) <v>\greheightstar</v>(;) Tu(ixi)um,(h) Dó(gh)mi(f)ne,(ixfg!hwiHGF) re(ghf)gnum.(f)  <sp>V/</sp>(::) Tu(f) do(f)mi(f)ná(fe)ris(dc) óm(f)ni(fgd)um.(ixfgw!hih)  <sp>V/</sp>(::) Gló(f)ri(f)a(f) Pa(gh)tri(f) (,) et(g) Fí(fe)li(dc)o(c) (;) et(dc~) Spi(f)rí(ixghwi)tu(ih)i(gh) San(gf~)cto.(f) (::)",0,Reg,1V
Veni ad liberandum,Veni ad liberandum nos * Domine Deus virtutum. ℣ Ostende faciem tuam et salvi erimus.,"Ps 79, 3.5.4",4,e e e f fd e f g g e f dc d f f e,CAO 7823; AM 184,"Antiphonae & Responsoria/Tomus I, p. 6","(c4)Ve(e)ni(e) ad(e) li(f)be(fd)rán(e)dum(f<) nos,(g) <v>\greheightstar</v>(;) Dó(g)mi(e)ne(f) De(dc)us(d) vir(f)tú(f)tum.(e)  <sp>V/</sp>(::) O(c)stén(de~)de(e) fá(e)ci(e)em(e) tu(ef)am,(e) (,) et(e) sal(f)vi(fd) é(e)ri(f<)mus.(g)  <sp>V/</sp>(::) Gló(e)ri(g)a(g) Pa(gh)tri(h) et(h) Fí(g)li(h)o(e) (,) et(e) Spi(e)rí(f)tu(fe)i(d) San(ef<)cto.(g) (::)",0,Adv H2-6,V
Verbum caro V/ Et de plenitudine,Verbum caro factum est * Et habitavit in nobis. ℣ Et de plenitudine eius nos omnes accepimus.,"Io 1,14.16",6,f f fg g gf g gh f g h g fd fg g f,cf. CAO 7839; ARII 61,"Antiphonae & Responsoria/Tomus I, p. 89","(c4)Ver(f)bum(f) ca(fg)ro(g) fa(gf)ctum(g) est,(gh) <v>\greheightstar</v>(;) Et(f) ha(g)bi(h)tá(g)vit(fd) in(fg) no(g)bis.(f)  <sp>V/</sp>(::) Et(h) de(h) ple(h)ni(h)tú(ixhi)di(h)ne(g) e(gh)ius(g) (,) nos(g) om(h)nes(g) ac(g)cé(gf)pi(g)mus.(gh)  <sp>V/</sp>(::) Gló(h)ri(h)a(h) Pa(ixhi)tri(h) et(g) Fí(gh)li(g)o(g) (,) et(g) Spi(g)rí(h)tu(g)i(gf) San(g)cto.(gh) (::)",0,Fam,1V
Verbum caro V/ Hoc erat,Verbum caro factum est * Et habitavit in nobis. ℣ Hoc erat in principio apud Deum.,"Io 1,14.2",6,fg f fe dc f fgd ifghih j ii ih gh ifghihgf g ghf f,cf. CAO 7839; ARII 540,"Antiphonae & Responsoria/Tomus V, p. 266","(c4)Ver(fg)bum(f) ca(fe)ro(dc) fa(f)ctum(fgd) est,(ixfgw!hih) <v>\greheightstar</v>(;) Et(j) ha(ixi)bi(ih)tá(gh)vit(ixfg!hwiHGF) in(g) no(ghf)bis.(f)  <sp>V/</sp>(::) Hoc(f) e(f)rat(f) in(f) prin(f)cí(gh)pi(f)o(f) (,) a(fe)pud(dc) De(fgd)um.(ixfgw!hih)  <sp>V/</sp>(::) Gló(f)ri(f)a(f) Pa(gh)tri(f) (,) et(g) Fí(fe)li(dc)o(c) (;) et(dc~) Spi(f)rí(ixghwi)tu(ih)i(gh) San(gf~)cto.(f) (::)",0,25/3,2V
Verbum caro... all. V/  Et habitavit,Verbum caro factum est * Alleluia alleluia. ℣ Et habitavit in nobis.,"Io 1,14",6,f f f e g g h h hg g f d fg g f,CAO 7838; ARII 56,"Antiphonale Prataliense/Tomus I, p. 70","(c4)Ver(f)bum(f) ca(f)ro(e) fa(g)ctum(g) est,(h) <v>\greheightstar</v>(;) Al(h)le(hg)lú(g>)ia(f) al(d)le(fg)lú(g>)ia.(f)  <sp>V/</sp>(::) Et(d) ha(f)bi(f)tá(g)vit(f) in(e) no(g)bis.(h)  <sp>V/</sp>(::) Gló(f)ri(f)a(e) Pa(g)tri(h) et(h) Fí(ixhi)li(h)o(h) (,) et(h) Spi(h)rí(h)tu(g)i(h) San(g>)cto.(f) (::)",0,N,V
Verbum caro... all. V/  Hoc erat,Verbum caro factum est et habitavit in nobis * Alleluia alleluia. ℣ Hoc erat in principio apud Deum.,,6,f f g f gh f f f f f g fe dc fgd ifghih,ARII 540,"Antiphonae & Responsoria/Tomus V, p. 266","(c4)Ver(f)bum(f) ca(g)ro(f) fa(gh)ctum(f) est,(f) (,) et(f) ha(f)bi(f)tá(g)vit(fe) in(dc) no(fgd)bis,(ixfgw!hih) <v>\greheightstar</v>(::) Al(ixi>)le(ivHG)lú(gh)ia(f) (,) al(dc~)le(ixfg!hwiHGF)lú(ghf~)ia.(f)  <sp>V/</sp>(::) Hoc(f) e(f)rat(f) in(f) prin(f)cí(gh)pi(f)o(f) (,) a(fe)pud(dc) De(fgd)um.(ixfgw!hih)  <sp>V/</sp>(::) Gló(f)ri(f)a(f) Pa(g)tri(f) (,) et(f) Fí(gh)li(f)o(f) (;) et(f) Spi(f)rí(g)tu(fe)i(dc) San(fgd)cto.(ixfgw!hih) (::)",0,25/3 TP,2V
Vocem meam audi,Vocem meam audi Domine; * In verba tua supersperavi. ℣ Præveni diluculo et clamavi.,"Ps 118,149.147",6,f f f f g f g gh h g f g h g fd f g g f,PM 142,"Antiphonae & Responsoria/Tomus III, p. 129","(c4)Vo(f)cem(f) me(f)am(f) au(g)di,(f) Dó(g)mi(gh)ne;(h) <v>\greheightstar</v>(;) In(g) ver(f)ba(g) tu(h)a(g) su(fd)per(f)spe(g)rá(g)vi.(f)  <sp>V/</sp>(::) Præ(f)vé(f)ni(f) di(f)lú(g)cu(f)lo(f) (,) et(f) cla(f)má(gh)vi.(h)  <sp>V/</sp>(::) Gló(f)ri(f)a(f) Pa(gh)tri(h) et(h) Fí(ixhi)li(h)o(h) (,) et(h) Spi(h)rí(h)tu(g)i(h) San(gf~)cto.(f::)",0,2.4H3,L
Vos misistis,Vos misistis ad Ioannem * Et testimonium perhibuit veritati. ℣ Ille erat lucerna ardens et lucens.,"Io 5,33.35",6,f f g f f f gh h g f g h g f f g f fd f g g f,,"Antiphonae & Responsoria/Tomus V, p. 277","(c4)Vos(f) mi(f)sí(g)stis(f) ad(f) Io(f)án(gh)nem,(h) <v>\greheightstar</v>(;) Et(g) te(f)sti(g)mó(h)ni(g)um(f) per(f)hí(g)bu(f)it(fd) ve(f)ri(g)tá(g)ti.(f)  <sp>V/</sp>(::) Il(ixhi)le(h) e(h)rat(h) lu(g)cér(gh)na(g) (,) ar(g)dens(g) et(f) lu(gh)cens.(hg)  <sp>V/</sp>(::) Gló(h)ri(h)a(h) Pa(ixhi)tri(h) et(g) Fí(gh)li(g)o(g) (,) et(g) Spi(g)rí(h)tu(g)i(gf) San(g)cto.(gh) (::)",0,29/8,L
